INSERT INTO groep_64.contactpersoon( personeelsnummer, voornaam, achternaam, "e-mail", telefoonnummer ) VALUES ( 'r5738309', 'Jan', 'Janssens', 'r5738309@ucll.be', '0489937375');
INSERT INTO groep_64.contactpersoon( personeelsnummer, voornaam, achternaam, "e-mail", telefoonnummer ) VALUES ( 'r0849473', 'Frieda', 'Boemel', 'r0849473@ucll.be', '0746391746');
INSERT INTO groep_64.contactpersoon( personeelsnummer, voornaam, achternaam, "e-mail", telefoonnummer ) VALUES ( 'r3740261', 'Jef', 'Vermeulen', 'r3740261@ucll.be', '0947164739');
INSERT INTO groep_64.contactpersoon( personeelsnummer, voornaam, achternaam, "e-mail", telefoonnummer ) VALUES ( 'r6830472', 'Sammy', 'Visjes', 'r6830472@ucll.be', '0736164738');
INSERT INTO groep_64.contactpersoon( personeelsnummer, voornaam, achternaam, "e-mail", telefoonnummer ) VALUES ( 'r9373632', 'Franky', 'Friemel', 'r9373632@ucll.be', '0761846381');
INSERT INTO groep_64.contactpersoon( personeelsnummer, voornaam, achternaam, "e-mail", telefoonnummer ) VALUES ( 'r5730582', 'Petra', 'Peeters', 'r5730582@ucll.be', '057384518');
INSERT INTO groep_64.contactpersoon( personeelsnummer, voornaam, achternaam, "e-mail", telefoonnummer ) VALUES ( 'r0174936', 'Patrick', 'Patanegro', 'r0174936@ucll.be', '0374658914');
INSERT INTO groep_64.contactpersoon( personeelsnummer, voornaam, achternaam, "e-mail", telefoonnummer ) VALUES ( 'r9473927', 'Timmy', 'Toep', 'r9473927@ucll.be', '0573618371');
INSERT INTO groep_64.contactpersoon( personeelsnummer, voornaam, achternaam, "e-mail", telefoonnummer ) VALUES ( 'r8373823', 'Mia', 'Moefelmond', 'r8373823@ucll.be', '0479812600');
INSERT INTO groep_64.contactpersoon( personeelsnummer, voornaam, achternaam, "e-mail", telefoonnummer ) VALUES ( 'r3810593', 'Anny', 'Armloos', 'r3810593@ucll.be', '0983472194');
INSERT INTO groep_64.klant( naam_klant ) VALUES ( 'UCLL');
INSERT INTO groep_64.klant( naam_klant ) VALUES ( 'Departement Technologie');
INSERT INTO groep_64.klant( naam_klant ) VALUES ( 'Departement Geneeskunde');
INSERT INTO groep_64.klant( naam_klant ) VALUES ( 'Opleiding PBA Toegepaste Informatica');
INSERT INTO groep_64.klant( naam_klant ) VALUES ( 'Opleiding PBA Kleuteronderwijs');
INSERT INTO groep_64.klant( naam_klant ) VALUES ( 'NMBS');
INSERT INTO groep_64.klant( naam_klant ) VALUES ( 'VDAB');
INSERT INTO groep_64.klant( naam_klant ) VALUES ( 'Bakkerij Van Laer');
INSERT INTO groep_64.klant( naam_klant ) VALUES ( 'De Lijn');
INSERT INTO groep_64.klant( naam_klant ) VALUES ( 'Colruyt');
INSERT INTO groep_64.label( label ) VALUES ( 'afstandsonderwijs');
INSERT INTO groep_64.label( label ) VALUES ( 'extra_materiaal');
INSERT INTO groep_64.label( label ) VALUES ( 'fysiek_onderwijs');
INSERT INTO groep_64.label( label ) VALUES ( 'voorbeeld');
INSERT INTO groep_64.medewerker( personeelsnummer, voornaam, achternaam, "e-mail", telefoonnummer, capaciteit ) VALUES ( 'r9473847', 'Jos', 'Mollenmol', 'r9473847@ucll.be', '0242858402', 37);
INSERT INTO groep_64.medewerker( personeelsnummer, voornaam, achternaam, "e-mail", telefoonnummer, capaciteit ) VALUES ( 'r7492058', 'Rita', 'Roodjas', 'r7492058@ucll.be', '0927577009', 29);
INSERT INTO groep_64.medewerker( personeelsnummer, voornaam, achternaam, "e-mail", telefoonnummer, capaciteit ) VALUES ( 'r7390462', 'Dirk', 'Derksens', 'r7390462@ucll.be', '0013735187', 33);
INSERT INTO groep_64.medewerker( personeelsnummer, voornaam, achternaam, "e-mail", telefoonnummer, capaciteit ) VALUES ( 'r5739321', 'Kristof', 'Zuiger', 'r5739321@ucll.be', '0593571100', 32);
INSERT INTO groep_64.medewerker( personeelsnummer, voornaam, achternaam, "e-mail", telefoonnummer, capaciteit ) VALUES ( 'r9403076', 'Jolien', 'Jolig', 'r9403076@ucll.be', '0847409350', 36);
INSERT INTO groep_64.medewerker( personeelsnummer, voornaam, achternaam, "e-mail", telefoonnummer, capaciteit ) VALUES ( 'r2730240', 'Ramsey', 'Gordols', 'r2730240@ucll.be', '0259001156', 40);
INSERT INTO groep_64.medewerker( personeelsnummer, voornaam, achternaam, "e-mail", telefoonnummer, capaciteit ) VALUES ( 'r2488494', 'Piet', 'Appartementenvacht', 'r2488494@ucll.be', '0567015875', 30);
INSERT INTO groep_64.medewerker( personeelsnummer, voornaam, achternaam, "e-mail", telefoonnummer, capaciteit ) VALUES ( 'r4292900', 'Rafael', 'Naald', 'r4292900@ucll.be', '0148730893', 41);
INSERT INTO groep_64.medewerker( personeelsnummer, voornaam, achternaam, "e-mail", telefoonnummer, capaciteit ) VALUES ( 'r7949411', 'Els', 'Berkels', 'r7949411@ucll.be', '0680499910', 36);
INSERT INTO groep_64.medewerker( personeelsnummer, voornaam, achternaam, "e-mail", telefoonnummer, capaciteit ) VALUES ( 'r6842901', 'Jeanine', 'Goossens', 'r6842901@ucll.be', '0407846791', 35);
INSERT INTO groep_64.medewerker( personeelsnummer, voornaam, achternaam, "e-mail", telefoonnummer, capaciteit ) VALUES ( 'r7480472', 'Carry', 'Rolschaats', 'r7480472@ucll.be', '0382427597', 32);
INSERT INTO groep_64.medewerker( personeelsnummer, voornaam, achternaam, "e-mail", telefoonnummer, capaciteit ) VALUES ( 'r2840932', 'Gonda', 'Sjmoep', 'r2840932@ucll.be', '0200139269', 33);
INSERT INTO groep_64.medewerker( personeelsnummer, voornaam, achternaam, "e-mail", telefoonnummer, capaciteit ) VALUES ( 'r4829493', 'Gerard', 'Geens', 'r4829493@ucll.be', '0694407396', 40);
INSERT INTO groep_64.medewerker( personeelsnummer, voornaam, achternaam, "e-mail", telefoonnummer, capaciteit ) VALUES ( 'r0483942', 'Barry', 'Bakvis', 'r0483942@ucll.be', '0094349963', 42);
INSERT INTO groep_64.medewerker( personeelsnummer, voornaam, achternaam, "e-mail", telefoonnummer, capaciteit ) VALUES ( 'r1949503', 'Gwen', 'Doene', 'r1949503@ucll.be', '0207539908', 28);
INSERT INTO groep_64.medewerker( personeelsnummer, voornaam, achternaam, "e-mail", telefoonnummer, capaciteit ) VALUES ( 'r3824842', 'Niels', 'Nolhelm', 'r3824842@ucll.be', '0508535917', 34);
INSERT INTO groep_64.medewerker( personeelsnummer, voornaam, achternaam, "e-mail", telefoonnummer, capaciteit ) VALUES ( 'r0038998', 'Catherine', 'Geweil', 'r0038998@ucll.be', '0645522412', 38);
INSERT INTO groep_64.medewerker( personeelsnummer, voornaam, achternaam, "e-mail", telefoonnummer, capaciteit ) VALUES ( 'r8472481', 'Sjonnie', 'Bertels', 'r8472481@ucll.be', '0253871744', 37);
INSERT INTO groep_64.medewerker( personeelsnummer, voornaam, achternaam, "e-mail", telefoonnummer, capaciteit ) VALUES ( 'r6839555', 'Oscar', 'Crucke', 'r6839555@ucll.be', '0345722405', 34);
INSERT INTO groep_64.medewerker( personeelsnummer, voornaam, achternaam, "e-mail", telefoonnummer, capaciteit ) VALUES ( 'r2424000', 'Balthazar', 'Melchiorus', 'r2424000@ucll.be', '0203265843', 40);
INSERT INTO groep_64.rate_algemene_werking( inschattingsjaar, rate ) VALUES ( '2014-01-01', 42);
INSERT INTO groep_64.rate_algemene_werking( inschattingsjaar, rate ) VALUES ( '2015-01-01', 41.37);
INSERT INTO groep_64.rate_algemene_werking( inschattingsjaar, rate ) VALUES ( '2016-01-01', 41.98);
INSERT INTO groep_64.rate_algemene_werking( inschattingsjaar, rate ) VALUES ( '2017-01-01', 40.22);
INSERT INTO groep_64.rate_algemene_werking( inschattingsjaar, rate ) VALUES ( '2018-01-01', 42.97);
INSERT INTO groep_64.rate_algemene_werking( inschattingsjaar, rate ) VALUES ( '2019-01-01', 41.97);
INSERT INTO groep_64.rate_algemene_werking( inschattingsjaar, rate ) VALUES ( '2020-01-01', 42.27);
INSERT INTO groep_64.rate_algemene_werking( inschattingsjaar, rate ) VALUES ( '2021-01-01', 42.02);
INSERT INTO groep_64.rate_algemene_werking( inschattingsjaar, rate ) VALUES ( '2022-01-01', 41.87);
INSERT INTO groep_64.rate_taak( rate, rate_id ) VALUES ( 37.50, '14L');
INSERT INTO groep_64.rate_taak( rate, rate_id ) VALUES ( 56, '14U');
INSERT INTO groep_64.rate_taak( rate, rate_id ) VALUES ( 32.50, '14C');
INSERT INTO groep_64.rate_taak( rate, rate_id ) VALUES ( 36.20, '15L');
INSERT INTO groep_64.rate_taak( rate, rate_id ) VALUES ( 54.80, '15U');
INSERT INTO groep_64.rate_taak( rate, rate_id ) VALUES ( 33.10, '15C');
INSERT INTO groep_64.rate_taak( rate, rate_id ) VALUES ( 35.90, '16L');
INSERT INTO groep_64.rate_taak( rate, rate_id ) VALUES ( 57.30, '16U');
INSERT INTO groep_64.rate_taak( rate, rate_id ) VALUES ( 32.75, '16C');
INSERT INTO groep_64.rate_taak( rate, rate_id ) VALUES ( 35.85, '17L');
INSERT INTO groep_64.rate_taak( rate, rate_id ) VALUES ( 53.20, '17U');
INSERT INTO groep_64.rate_taak( rate, rate_id ) VALUES ( 31.60, '17C');
INSERT INTO groep_64.rate_taak( rate, rate_id ) VALUES ( 39.10, '18L');
INSERT INTO groep_64.rate_taak( rate, rate_id ) VALUES ( 55, '18U');
INSERT INTO groep_64.rate_taak( rate, rate_id ) VALUES ( 34.80, '18C');
INSERT INTO groep_64.rate_taak( rate, rate_id ) VALUES ( 36.80, '19L');
INSERT INTO groep_64.rate_taak( rate, rate_id ) VALUES ( 59.20, '19U');
INSERT INTO groep_64.rate_taak( rate, rate_id ) VALUES ( 29.90, '19C');
INSERT INTO groep_64.rate_taak( rate, rate_id ) VALUES ( 40.10, '20L');
INSERT INTO groep_64.rate_taak( rate, rate_id ) VALUES ( 54.10, '20U');
INSERT INTO groep_64.rate_taak( rate, rate_id ) VALUES ( 32.60, '20C');
INSERT INTO groep_64.rate_taak( rate, rate_id ) VALUES ( 38.90, '21L');
INSERT INTO groep_64.rate_taak( rate, rate_id ) VALUES ( 57, '21U');
INSERT INTO groep_64.rate_taak( rate, rate_id ) VALUES ( 30.15, '21C');
INSERT INTO groep_64.rate_taak( rate, rate_id ) VALUES ( 39.50, '22L');
INSERT INTO groep_64.rate_taak( rate, rate_id ) VALUES ( 54.75, '22U');
INSERT INTO groep_64.rate_taak( rate, rate_id ) VALUES ( 31.35, '22C');
INSERT INTO groep_64.type_dienst( typenaam ) VALUES ( 'Leveren van expertise');
INSERT INTO groep_64.type_dienst( typenaam ) VALUES ( 'Uitwerken van media');
INSERT INTO groep_64.type_dienst( typenaam ) VALUES ( 'Coachen en begeleiden');
INSERT INTO groep_64.aanvraag( id, huidige_status, beschrijving, naam_aanvrager, aanvraagdatum, deadline, naam_klant, intern_of_extern ) VALUES ( '3jgf54au', 'accepted', 'Aanvraag voor het creëren van een 3-minuut-durend promotiefilmpje voor de hogeschool UCLL', 'Sammy Simons', '2015-09-28', '2016-10-18', 'UCLL', 'intern');
INSERT INTO groep_64.aanvraag( id, huidige_status, beschrijving, naam_aanvrager, aanvraagdatum, deadline, naam_klant, intern_of_extern ) VALUES ( 'ejrmg9k0', 'accepted', 'Aanvraag voor het creëren van enkele campagneposters voor de hogeschool UCLL', 'Filip Wortelmans', '2017-07-30', '2018-04-16', 'UCLL', 'intern');
INSERT INTO groep_64.aanvraag( id, huidige_status, beschrijving, naam_aanvrager, aanvraagdatum, deadline, naam_klant, intern_of_extern ) VALUES ( 'bk6tdyom', 'accepted', 'Aanvraag voor het creëren van een inormatiefoldertje over de opleidingen van het departement Technologie', 'Kirby Dosels', '2022-08-01', '2023-09-01', 'Departement Technologie', 'intern');
INSERT INTO groep_64.aanvraag( id, huidige_status, beschrijving, naam_aanvrager, aanvraagdatum, deadline, naam_klant, intern_of_extern ) VALUES ( 'rzlvuvpf', 'pending', 'Aanvraag voor het creëren van een overzicht met alle studenten die een opleiding binnen het departement Technologie volgen', 'Wally Wilbrord', '2022-11-25', '2024-01-15', 'Departement Technologie', 'intern');
INSERT INTO groep_64.aanvraag( id, huidige_status, beschrijving, naam_aanvrager, aanvraagdatum, deadline, naam_klant, intern_of_extern ) VALUES ( 'mywu9vho', 'rejected', 'Aanvraag voor het creëren van een dynamische voor het departement Geneeskunde', 'Simone Swingel', '2014-11-04', '2015-10-22', 'Departement Geneeskunde', 'intern');
INSERT INTO groep_64.aanvraag( id, huidige_status, beschrijving, naam_aanvrager, aanvraagdatum, deadline, naam_klant, intern_of_extern ) VALUES ( '1adu6cqb', 'accepted', 'Aanvraag voor het creëren van een Day-In-The-Life-filmpje over een leerkracht in het kleuteronderwijs', 'Arend Vogels', '2014-09-19', '2015-06-17', 'Opleiding PBA Kleuteronderwijs', 'intern');
INSERT INTO groep_64.aanvraag( id, huidige_status, beschrijving, naam_aanvrager, aanvraagdatum, deadline, naam_klant, intern_of_extern ) VALUES ( 'g7ve3bvi', 'accepted', 'Aanvraag voor het creëren van een overzichtelijk schema van de dagplanning van de treinen van NMBS', 'Ferry Fartel', '2020-09-21', '2021-07-18', 'NMBS', 'extern');
INSERT INTO groep_64.aanvraag( id, huidige_status, beschrijving, naam_aanvrager, aanvraagdatum, deadline, naam_klant, intern_of_extern ) VALUES ( 'z93y05yu', 'new', 'Aanvraag voor het creëren van een nieuwe, mooiere layout van de NMBS-app met CSS, HTML en JS', 'Tommy Thompson', '2022-11-27', '2023-08-02', 'NMBS', 'extern');
INSERT INTO groep_64.aanvraag( id, huidige_status, beschrijving, naam_aanvrager, aanvraagdatum, deadline, naam_klant, intern_of_extern ) VALUES ( 'z6pp3zmr', 'accepted', 'Aanvraag voor het creëren van een database met de locaties en bijhorende contactgegevens van alle VDAB-settlements', 'Linda Pjotter', '2021-08-02', '2022-04-23', 'VDAB', 'extern');
INSERT INTO groep_64.aanvraag( id, huidige_status, beschrijving, naam_aanvrager, aanvraagdatum, deadline, naam_klant, intern_of_extern ) VALUES ( 'lxsnuz25', 'accepted', 'Aanvraag voor het creëren van een instructiefilmpje over tips bij het solliciteren', 'Wannes Wafelbek', '2021-11-16', '2022-07-30', 'VDAB', 'extern');
INSERT INTO groep_64.aanvraag( id, huidige_status, beschrijving, naam_aanvrager, aanvraagdatum, deadline, naam_klant, intern_of_extern ) VALUES ( 'ijs27m9g', 'accepted', 'Aanvraag voor het creëren van een krantenadvertentie voor Bakkerij Van Laer', ' Anja Struis', '2020-04-22', '2022-11-10', 'Bakkerij Van Laer', 'extern');
INSERT INTO groep_64.aanvraag( id, huidige_status, beschrijving, naam_aanvrager, aanvraagdatum, deadline, naam_klant, intern_of_extern ) VALUES ( '7cdt5p9q', 'pending', 'Aanvraag voor het creeëren van simpele flyers over de coronamaatregelen bij gebruiken van het OV van De Lijn', 'Hannibal Oliemans', '2022-11-24', '2023-08-15', 'De Lijn', 'extern');
INSERT INTO groep_64.aanvraag( id, huidige_status, beschrijving, naam_aanvrager, aanvraagdatum, deadline, naam_klant, intern_of_extern ) VALUES ( 'ndcjje2l', 'accepted', 'Aanvraag voor het crëeren van een TV-spotje over de spotgoedkope prijzen van de Colruyt-keten', ' Jean-Pierre Du Coeckelberghs', '2015-05-06', '2015-12-14', 'Colruyt', 'extern');
INSERT INTO groep_64.aanvraag( id, huidige_status, beschrijving, naam_aanvrager, aanvraagdatum, deadline, naam_klant, intern_of_extern ) VALUES ( 'rbq8gi40', 'accepted', 'Aanvraag voor het creëren van kort filmpje over de opleiding PBA Toegepaste Informatica', 'Connor Snorremans', '2022-04-26', '2023-05-07', 'Opleiding PBA Toegepaste Informatica', 'intern');
INSERT INTO groep_64.aanvraag( id, huidige_status, beschrijving, naam_aanvrager, aanvraagdatum, deadline, naam_klant, intern_of_extern ) VALUES ( 'ary7d6tr', 'rejected', 'Aanvraag voor het creëren van opleidingsvideo''s voor nieuwe medewerkers in een winkel die associatie heeft met de Colruyt-keten', 'Franky Coltrui', '2022-06-18', '2022-11-29', 'Colruyt', 'extern');
INSERT INTO groep_64.aanvraag( id, huidige_status, beschrijving, naam_aanvrager, aanvraagdatum, deadline, naam_klant, intern_of_extern ) VALUES ( 'ubzqmdn1', 'accepted', 'Aanvraag voor het creëren van een overzichtelijk schema van de dagplanning van de bussen van De Lijn', ' Johnny McLaren', '2017-01-21', '2017-06-11', 'De Lijn', 'extern');
INSERT INTO groep_64.aanvraag( id, huidige_status, beschrijving, naam_aanvrager, aanvraagdatum, deadline, naam_klant, intern_of_extern ) VALUES ( '1ykebs43', 'accepted', 'Aanvraag voor het creëren van van informatieve flyers omtrent de inhoud van de opleiding PBA kleuteronderwijs', 'Annemie Scheut', '2020-05-21', '2021-02-18', 'Opleiding PBA Kleuteronderwijs', 'intern');
INSERT INTO groep_64.aanvraag( id, huidige_status, beschrijving, naam_aanvrager, aanvraagdatum, deadline, naam_klant, intern_of_extern ) VALUES ( '8k3a4j0s', 'accepted', 'Aanvraag voor het crëeren van posters die een mooi overzicht geven van alle artikelen die te koop zijn bij Bakkerij Van Laer', 'Eva De Croo', '2021-10-12', '2023-03-05', 'Bakkerij Van Laer', 'extern');
INSERT INTO groep_64.aanvraag( id, huidige_status, beschrijving, naam_aanvrager, aanvraagdatum, deadline, naam_klant, intern_of_extern ) VALUES ( '1o8fmb9o', 'accepted', 'Aanvraag voor het creëren van educatieve video''s omtrent geneeskundige onderwerpen', 'Larry Koek', '2015-10-26', '2016-03-29', 'Departement Geneeskunde', 'intern');
INSERT INTO groep_64.aanvraag( id, huidige_status, beschrijving, naam_aanvrager, aanvraagdatum, deadline, naam_klant, intern_of_extern ) VALUES ( 'c0viskp1', 'accepted', 'Aanvraag voor het creëren van een advertentie in de krant in de zoektocht naar nieuwe lectoren voor de opleiding PBA Toegepaste Informatica', 'Ingrid Loeps', '2022-11-15', '2023-08-05', 'Opleiding PBA Toegepaste Informatica', 'intern');
INSERT INTO groep_64.aanvraag_voor_type_dienst( id, typenaam ) VALUES ( '3jgf54au', 'Uitwerken van media');
INSERT INTO groep_64.aanvraag_voor_type_dienst( id, typenaam ) VALUES ( 'ejrmg9k0', 'Leveren van expertise');
INSERT INTO groep_64.aanvraag_voor_type_dienst( id, typenaam ) VALUES ( 'bk6tdyom', 'Uitwerken van media');
INSERT INTO groep_64.aanvraag_voor_type_dienst( id, typenaam ) VALUES ( 'rzlvuvpf', 'Uitwerken van media');
INSERT INTO groep_64.aanvraag_voor_type_dienst( id, typenaam ) VALUES ( 'rzlvuvpf', 'Leveren van expertise');
INSERT INTO groep_64.aanvraag_voor_type_dienst( id, typenaam ) VALUES ( 'mywu9vho', 'Uitwerken van media');
INSERT INTO groep_64.aanvraag_voor_type_dienst( id, typenaam ) VALUES ( '1o8fmb9o', 'Uitwerken van media');
INSERT INTO groep_64.aanvraag_voor_type_dienst( id, typenaam ) VALUES ( '1o8fmb9o', 'Leveren van expertise');
INSERT INTO groep_64.aanvraag_voor_type_dienst( id, typenaam ) VALUES ( '1o8fmb9o', 'Coachen en begeleiden');
INSERT INTO groep_64.aanvraag_voor_type_dienst( id, typenaam ) VALUES ( 'rbq8gi40', 'Uitwerken van media');
INSERT INTO groep_64.aanvraag_voor_type_dienst( id, typenaam ) VALUES ( 'c0viskp1', 'Uitwerken van media');
INSERT INTO groep_64.aanvraag_voor_type_dienst( id, typenaam ) VALUES ( '1adu6cqb', 'Coachen en begeleiden');
INSERT INTO groep_64.aanvraag_voor_type_dienst( id, typenaam ) VALUES ( '1ykebs43', 'Uitwerken van media');
INSERT INTO groep_64.aanvraag_voor_type_dienst( id, typenaam ) VALUES ( 'g7ve3bvi', 'Leveren van expertise');
INSERT INTO groep_64.aanvraag_voor_type_dienst( id, typenaam ) VALUES ( 'g7ve3bvi', 'Coachen en begeleiden');
INSERT INTO groep_64.aanvraag_voor_type_dienst( id, typenaam ) VALUES ( 'z93y05yu', 'Uitwerken van media');
INSERT INTO groep_64.aanvraag_voor_type_dienst( id, typenaam ) VALUES ( 'z93y05yu', 'Leveren van expertise');
INSERT INTO groep_64.aanvraag_voor_type_dienst( id, typenaam ) VALUES ( 'z93y05yu', 'Coachen en begeleiden');
INSERT INTO groep_64.aanvraag_voor_type_dienst( id, typenaam ) VALUES ( 'z6pp3zmr', 'Uitwerken van media');
INSERT INTO groep_64.aanvraag_voor_type_dienst( id, typenaam ) VALUES ( 'z6pp3zmr', 'Leveren van expertise');
INSERT INTO groep_64.aanvraag_voor_type_dienst( id, typenaam ) VALUES ( 'z6pp3zmr', 'Coachen en begeleiden');
INSERT INTO groep_64.aanvraag_voor_type_dienst( id, typenaam ) VALUES ( 'lxsnuz25', 'Coachen en begeleiden');
INSERT INTO groep_64.aanvraag_voor_type_dienst( id, typenaam ) VALUES ( 'ijs27m9g', 'Uitwerken van media');
INSERT INTO groep_64.aanvraag_voor_type_dienst( id, typenaam ) VALUES ( '8k3a4j0s', 'Leveren van expertise');
INSERT INTO groep_64.aanvraag_voor_type_dienst( id, typenaam ) VALUES ( '7cdt5p9q', 'Uitwerken van media');
INSERT INTO groep_64.aanvraag_voor_type_dienst( id, typenaam ) VALUES ( '7cdt5p9q', 'Leveren van expertise');
INSERT INTO groep_64.aanvraag_voor_type_dienst( id, typenaam ) VALUES ( '7cdt5p9q', 'Coachen en begeleiden');
INSERT INTO groep_64.aanvraag_voor_type_dienst( id, typenaam ) VALUES ( 'ubzqmdn1', 'Uitwerken van media');
INSERT INTO groep_64.aanvraag_voor_type_dienst( id, typenaam ) VALUES ( 'ubzqmdn1', 'Coachen en begeleiden');
INSERT INTO groep_64.aanvraag_voor_type_dienst( id, typenaam ) VALUES ( 'ndcjje2l', 'Uitwerken van media');
INSERT INTO groep_64.aanvraag_voor_type_dienst( id, typenaam ) VALUES ( 'ndcjje2l', 'Leveren van expertise');
INSERT INTO groep_64.aanvraag_voor_type_dienst( id, typenaam ) VALUES ( 'ndcjje2l', 'Coachen en begeleiden');
INSERT INTO groep_64.aanvraag_voor_type_dienst( id, typenaam ) VALUES ( 'ary7d6tr', 'Leveren van expertise');
INSERT INTO groep_64.contactpersoon_in_aanvraag( personeelsnummer, id ) VALUES ( 'r5738309', '3jgf54au');
INSERT INTO groep_64.contactpersoon_in_aanvraag( personeelsnummer, id ) VALUES ( 'r0849473', '3jgf54au');
INSERT INTO groep_64.contactpersoon_in_aanvraag( personeelsnummer, id ) VALUES ( 'r5738309', 'ejrmg9k0');
INSERT INTO groep_64.contactpersoon_in_aanvraag( personeelsnummer, id ) VALUES ( 'r3740261', 'bk6tdyom');
INSERT INTO groep_64.contactpersoon_in_aanvraag( personeelsnummer, id ) VALUES ( 'r3740261', 'rzlvuvpf');
INSERT INTO groep_64.contactpersoon_in_aanvraag( personeelsnummer, id ) VALUES ( 'r6830472', 'mywu9vho');
INSERT INTO groep_64.contactpersoon_in_aanvraag( personeelsnummer, id ) VALUES ( 'r9373632', 'mywu9vho');
INSERT INTO groep_64.contactpersoon_in_aanvraag( personeelsnummer, id ) VALUES ( 'r6830472', '1o8fmb9o');
INSERT INTO groep_64.contactpersoon_in_aanvraag( personeelsnummer, id ) VALUES ( 'r5730582', 'rbq8gi40');
INSERT INTO groep_64.contactpersoon_in_aanvraag( personeelsnummer, id ) VALUES ( 'r5730582', 'c0viskp1');
INSERT INTO groep_64.contactpersoon_in_aanvraag( personeelsnummer, id ) VALUES ( 'r0174936', '1adu6cqb');
INSERT INTO groep_64.contactpersoon_in_aanvraag( personeelsnummer, id ) VALUES ( 'r9473927', '1adu6cqb');
INSERT INTO groep_64.contactpersoon_in_aanvraag( personeelsnummer, id ) VALUES ( 'r0174936', '1ykebs43');
INSERT INTO groep_64.contactpersoon_in_aanvraag( personeelsnummer, id ) VALUES ( 'r8373823', 'g7ve3bvi');
INSERT INTO groep_64.contactpersoon_in_aanvraag( personeelsnummer, id ) VALUES ( 'r8373823', 'z93y05yu');
INSERT INTO groep_64.contactpersoon_in_aanvraag( personeelsnummer, id ) VALUES ( 'r3810593', 'z6pp3zmr');
INSERT INTO groep_64.contactpersoon_in_aanvraag( personeelsnummer, id ) VALUES ( 'r0849473', 'z6pp3zmr');
INSERT INTO groep_64.contactpersoon_in_aanvraag( personeelsnummer, id ) VALUES ( 'r3810593', 'lxsnuz25');
INSERT INTO groep_64.contactpersoon_in_aanvraag( personeelsnummer, id ) VALUES ( 'r6830472', 'ijs27m9g');
INSERT INTO groep_64.contactpersoon_in_aanvraag( personeelsnummer, id ) VALUES ( 'r6830472', '8k3a4j0s');
INSERT INTO groep_64.contactpersoon_in_aanvraag( personeelsnummer, id ) VALUES ( 'r5730582', '7cdt5p9q');
INSERT INTO groep_64.contactpersoon_in_aanvraag( personeelsnummer, id ) VALUES ( 'r9473927', '7cdt5p9q');
INSERT INTO groep_64.contactpersoon_in_aanvraag( personeelsnummer, id ) VALUES ( 'r5730582', 'ubzqmdn1');
INSERT INTO groep_64.contactpersoon_in_aanvraag( personeelsnummer, id ) VALUES ( 'r3810593', 'ndcjje2l');
INSERT INTO groep_64.contactpersoon_in_aanvraag( personeelsnummer, id ) VALUES ( 'r3810593', 'ary7d6tr');
INSERT INTO groep_64.contactpersoon_van_klant( personeelsnummer, naam_klant ) VALUES ( 'r5738309', 'UCLL');
INSERT INTO groep_64.contactpersoon_van_klant( personeelsnummer, naam_klant ) VALUES ( 'r0849473', 'UCLL');
INSERT INTO groep_64.contactpersoon_van_klant( personeelsnummer, naam_klant ) VALUES ( 'r3740261', 'Departement Technologie');
INSERT INTO groep_64.contactpersoon_van_klant( personeelsnummer, naam_klant ) VALUES ( 'r6830472', 'Departement Geneeskunde');
INSERT INTO groep_64.contactpersoon_van_klant( personeelsnummer, naam_klant ) VALUES ( 'r9373632', 'Departement Geneeskunde');
INSERT INTO groep_64.contactpersoon_van_klant( personeelsnummer, naam_klant ) VALUES ( 'r5730582', 'Opleiding PBA Toegepaste Informatica');
INSERT INTO groep_64.contactpersoon_van_klant( personeelsnummer, naam_klant ) VALUES ( 'r0174936', 'Opleiding PBA Kleuteronderwijs');
INSERT INTO groep_64.contactpersoon_van_klant( personeelsnummer, naam_klant ) VALUES ( 'r9473927', 'Opleiding PBA Kleuteronderwijs');
INSERT INTO groep_64.contactpersoon_van_klant( personeelsnummer, naam_klant ) VALUES ( 'r8373823', 'NMBS');
INSERT INTO groep_64.contactpersoon_van_klant( personeelsnummer, naam_klant ) VALUES ( 'r3810593', 'VDAB');
INSERT INTO groep_64.contactpersoon_van_klant( personeelsnummer, naam_klant ) VALUES ( 'r0849473', 'VDAB');
INSERT INTO groep_64.contactpersoon_van_klant( personeelsnummer, naam_klant ) VALUES ( 'r6830472', 'Bakkerij Van Laer');
INSERT INTO groep_64.contactpersoon_van_klant( personeelsnummer, naam_klant ) VALUES ( 'r5730582', 'De Lijn');
INSERT INTO groep_64.contactpersoon_van_klant( personeelsnummer, naam_klant ) VALUES ( 'r9473927', 'De Lijn');
INSERT INTO groep_64.contactpersoon_van_klant( personeelsnummer, naam_klant ) VALUES ( 'r3810593', 'Colruyt');
INSERT INTO groep_64.externe_klant( naam_klant, adres ) VALUES ( 'NMBS', 'Frankrijkstraat 56, 1060 Brussel');
INSERT INTO groep_64.externe_klant( naam_klant, adres ) VALUES ( 'VDAB', 'Diestsepoort 63, 3000 Leuven');
INSERT INTO groep_64.externe_klant( naam_klant, adres ) VALUES ( 'Bakkerij Van Laer', 'Boudewijnlaan 96, 2243 Zandhoven');
INSERT INTO groep_64.externe_klant( naam_klant, adres ) VALUES ( 'De Lijn', 'Motstraat 20, 2800 Mechelen');
INSERT INTO groep_64.externe_klant( naam_klant, adres ) VALUES ( 'Colruyt', 'Edingensesteenweg 196, 1500 Halle');
INSERT INTO groep_64.interne_klant( naam_klant, departement, opleiding, campus ) VALUES ( 'UCLL', null, null, null);
INSERT INTO groep_64.interne_klant( naam_klant, departement, opleiding, campus ) VALUES ( 'Departement Technologie', 'Technologie', null, 'Proximus');
INSERT INTO groep_64.interne_klant( naam_klant, departement, opleiding, campus ) VALUES ( 'Departement Geneeskunde', 'Geneeskunde', null, 'Gasthuisberg');
INSERT INTO groep_64.interne_klant( naam_klant, departement, opleiding, campus ) VALUES ( 'Opleiding PBA Toegepaste Informatica', 'Technologie', 'PBA Toegepaste Informatica', 'Proximus');
INSERT INTO groep_64.interne_klant( naam_klant, departement, opleiding, campus ) VALUES ( 'Opleiding PBA Kleuteronderwijs', 'Lerarenopleiding', 'PBA Kleuteronderwijs', 'Hertogstraat');
INSERT INTO groep_64.medewerker_voor_type_dienst( personeelsnummer, typenaam ) VALUES ( 'r9473847', 'Uitwerken van media');
INSERT INTO groep_64.medewerker_voor_type_dienst( personeelsnummer, typenaam ) VALUES ( 'r7492058', 'Leveren van expertise');
INSERT INTO groep_64.medewerker_voor_type_dienst( personeelsnummer, typenaam ) VALUES ( 'r7492058', 'Coachen en begeleiden');
INSERT INTO groep_64.medewerker_voor_type_dienst( personeelsnummer, typenaam ) VALUES ( 'r7390462', 'Uitwerken van media');
INSERT INTO groep_64.medewerker_voor_type_dienst( personeelsnummer, typenaam ) VALUES ( 'r7390462', 'Leveren van expertise');
INSERT INTO groep_64.medewerker_voor_type_dienst( personeelsnummer, typenaam ) VALUES ( 'r5739321', 'Uitwerken van media');
INSERT INTO groep_64.medewerker_voor_type_dienst( personeelsnummer, typenaam ) VALUES ( 'r9403076', 'Leveren van expertise');
INSERT INTO groep_64.medewerker_voor_type_dienst( personeelsnummer, typenaam ) VALUES ( 'r2730240', 'Leveren van expertise');
INSERT INTO groep_64.medewerker_voor_type_dienst( personeelsnummer, typenaam ) VALUES ( 'r2730240', 'Uitwerken van media');
INSERT INTO groep_64.medewerker_voor_type_dienst( personeelsnummer, typenaam ) VALUES ( 'r2488494', 'Coachen en begeleiden');
INSERT INTO groep_64.medewerker_voor_type_dienst( personeelsnummer, typenaam ) VALUES ( 'r4292900', 'Coachen en begeleiden');
INSERT INTO groep_64.medewerker_voor_type_dienst( personeelsnummer, typenaam ) VALUES ( 'r4292900', 'Uitwerken van media');
INSERT INTO groep_64.medewerker_voor_type_dienst( personeelsnummer, typenaam ) VALUES ( 'r7949411', 'Coachen en begeleiden');
INSERT INTO groep_64.medewerker_voor_type_dienst( personeelsnummer, typenaam ) VALUES ( 'r6842901', 'Uitwerken van media');
INSERT INTO groep_64.medewerker_voor_type_dienst( personeelsnummer, typenaam ) VALUES ( 'r6842901', 'Coachen en begeleiden');
INSERT INTO groep_64.medewerker_voor_type_dienst( personeelsnummer, typenaam ) VALUES ( 'r7480472', 'Coachen en begeleiden');
INSERT INTO groep_64.medewerker_voor_type_dienst( personeelsnummer, typenaam ) VALUES ( 'r2840932', 'Uitwerken van media');
INSERT INTO groep_64.medewerker_voor_type_dienst( personeelsnummer, typenaam ) VALUES ( 'r2840932', 'Coachen en begeleiden');
INSERT INTO groep_64.medewerker_voor_type_dienst( personeelsnummer, typenaam ) VALUES ( 'r4829493', 'Leveren van expertise');
INSERT INTO groep_64.medewerker_voor_type_dienst( personeelsnummer, typenaam ) VALUES ( 'r0483942', 'Coachen en begeleiden');
INSERT INTO groep_64.medewerker_voor_type_dienst( personeelsnummer, typenaam ) VALUES ( 'r1949503', 'Coachen en begeleiden');
INSERT INTO groep_64.medewerker_voor_type_dienst( personeelsnummer, typenaam ) VALUES ( 'r3824842', 'Uitwerken van media');
INSERT INTO groep_64.medewerker_voor_type_dienst( personeelsnummer, typenaam ) VALUES ( 'r0038998', 'Uitwerken van media');
INSERT INTO groep_64.medewerker_voor_type_dienst( personeelsnummer, typenaam ) VALUES ( 'r8472481', 'Uitwerken van media');
INSERT INTO groep_64.medewerker_voor_type_dienst( personeelsnummer, typenaam ) VALUES ( 'r8472481', 'Coachen en begeleiden');
INSERT INTO groep_64.medewerker_voor_type_dienst( personeelsnummer, typenaam ) VALUES ( 'r6839555', 'Coachen en begeleiden');
INSERT INTO groep_64.medewerker_voor_type_dienst( personeelsnummer, typenaam ) VALUES ( 'r2424000', 'Leveren van expertise');
INSERT INTO groep_64.project( id, factuur, startdatum, einddatum, status, korting, kostenplaats, verantwoordelijke_medewerker, naam_klant, inschattingsjaar, projectnaam, intern_of_extern ) VALUES ( 'c0viskp1', null, null, null, 'estimation ongoing', 15, 'Kosten PBA TI', 'r2730240', 'Opleiding PBA Toegepaste Informatica', '2016-01-01', 'Krantenzoekertje lectoren TI', 'intern');
INSERT INTO groep_64.project( id, factuur, startdatum, einddatum, status, korting, kostenplaats, verantwoordelijke_medewerker, naam_klant, inschattingsjaar, projectnaam, intern_of_extern ) VALUES ( 'bk6tdyom', null, '2022-09-01', '2023-09-01', 'planned and ongoing', null, 'Kosten Dep Tech', 'r7390462', 'Departement Technologie', '2022-01-01', 'Informatiefoldertjes Technologie', 'intern');
INSERT INTO groep_64.project( id, factuur, startdatum, einddatum, status, korting, kostenplaats, verantwoordelijke_medewerker, naam_klant, inschattingsjaar, projectnaam, intern_of_extern ) VALUES ( '8k3a4j0s', null, '2021-11-12', '2023-03-05', 'planned and ongoing', 17.75, null, 'r3824842', 'Bakkerij Van Laer', '2021-01-01', 'Artikeloverzicht Van Laer', 'extern');
INSERT INTO groep_64.project( id, factuur, startdatum, einddatum, status, korting, kostenplaats, verantwoordelijke_medewerker, naam_klant, inschattingsjaar, projectnaam, intern_of_extern ) VALUES ( '3jgf54au', 2815.80, '2015-11-01', '2016-10-18', 'closed', 12.5, 'Kosten UCLL', 'r9473847', 'UCLL', '2016-01-01', 'Filmpje UCLL', 'intern');
INSERT INTO groep_64.project( id, factuur, startdatum, einddatum, status, korting, kostenplaats, verantwoordelijke_medewerker, naam_klant, inschattingsjaar, projectnaam, intern_of_extern ) VALUES ( 'ejrmg9k0', 4475.48, '2017-09-14', '2018-04-16', 'delivered', null, 'Kosten UCLL', 'r7492058', 'UCLL', '2018-01-01', 'Campagneposters UCLL', 'intern');
INSERT INTO groep_64.project( id, factuur, startdatum, einddatum, status, korting, kostenplaats, verantwoordelijke_medewerker, naam_klant, inschattingsjaar, projectnaam, intern_of_extern ) VALUES ( '1o8fmb9o', 9822.40, '2015-12-20', '2016-03-29', 'closed', null, 'Kosten Dep Gen', 'r5739321', 'Departement Geneeskunde', '2015-01-01', 'Video''s geneeskunde', 'intern');
INSERT INTO groep_64.project( id, factuur, startdatum, einddatum, status, korting, kostenplaats, verantwoordelijke_medewerker, naam_klant, inschattingsjaar, projectnaam, intern_of_extern ) VALUES ( 'rbq8gi40', 4846.30, '2016-06-01', '2016-12-05', 'closed', null, 'Kosten PBA TI', 'r9403076', 'Opleiding PBA Toegepaste Informatica', '2016-01-01', 'Filmpje PBA TI', 'intern');
INSERT INTO groep_64.project( id, factuur, startdatum, einddatum, status, korting, kostenplaats, verantwoordelijke_medewerker, naam_klant, inschattingsjaar, projectnaam, intern_of_extern ) VALUES ( '1ykebs43', 3885.48, '2020-07-01', '2021-02-18', 'delivered', null, null, 'r4292900', 'Opleiding PBA Kleuteronderwijs', '2020-01-01', 'Flyers PBA Kleuteronderwijs', 'intern');
INSERT INTO groep_64.project( id, factuur, startdatum, einddatum, status, korting, kostenplaats, verantwoordelijke_medewerker, naam_klant, inschattingsjaar, projectnaam, intern_of_extern ) VALUES ( 'g7ve3bvi', 5109.91, '2020-11-15', '2021-07-18', 'delivered', 10, null, 'r7949411', 'NMBS', '2020-01-01', 'Schema planning NMBS', 'extern');
INSERT INTO groep_64.project( id, factuur, startdatum, einddatum, status, korting, kostenplaats, verantwoordelijke_medewerker, naam_klant, inschattingsjaar, projectnaam, intern_of_extern ) VALUES ( 'lxsnuz25', 3237.32, '2021-12-10', '2022-07-30', 'delivered', 7.25, null, 'r2488494', 'VDAB', '2021-01-01', 'Instructiefilmpje solicitaties', 'extern');
INSERT INTO groep_64.project( id, factuur, startdatum, einddatum, status, korting, kostenplaats, verantwoordelijke_medewerker, naam_klant, inschattingsjaar, projectnaam, intern_of_extern ) VALUES ( 'ijs27m9g', 2732.36, '2020-06-01', '2022-11-10', 'delivered', null, null, 'r2840932', 'Bakkerij Van Laer', '2020-01-01', 'krantenadvertentie Van Laer', 'extern');
INSERT INTO groep_64.project( id, factuur, startdatum, einddatum, status, korting, kostenplaats, verantwoordelijke_medewerker, naam_klant, inschattingsjaar, projectnaam, intern_of_extern ) VALUES ( 'ubzqmdn1', 8935.63, '2017-03-15', '2017-06-11', 'closed', null, null, 'r8472481', 'De Lijn', '2017-01-01', 'Schema planning De Lijn', 'extern');
INSERT INTO groep_64.project( id, factuur, startdatum, einddatum, status, korting, kostenplaats, verantwoordelijke_medewerker, naam_klant, inschattingsjaar, projectnaam, intern_of_extern ) VALUES ( 'ndcjje2l', 9213.33, '2015-06-10', '2015-12-14', 'closed', 13.5, null, 'r2424000', 'Colruyt', '2015-01-01', 'TV-spotje Colruyt', 'extern');
INSERT INTO groep_64.project( id, factuur, startdatum, einddatum, status, korting, kostenplaats, verantwoordelijke_medewerker, naam_klant, inschattingsjaar, projectnaam, intern_of_extern ) VALUES ( '1adu6cqb', 4008.60, '2014-11-05', '2015-06-17', 'closed', null, 'Kosten PBA KO', 'r2488494', 'Opleiding PBA Kleuteronderwijs', '2014-01-01', 'Day-In-The-Life kleuterleerkracht', 'intern');
INSERT INTO groep_64.project( id, factuur, startdatum, einddatum, status, korting, kostenplaats, verantwoordelijke_medewerker, naam_klant, inschattingsjaar, projectnaam, intern_of_extern ) VALUES ( 'z6pp3zmr', 10435.57, '2021-09-01', '2022-04-23', 'closed', null, null, 'r9403076', 'VDAB', '2021-01-01', 'Database VDAB-locaties', 'extern');
INSERT INTO groep_64.project_is_gekoppeld_aan_project( id1, id2 ) VALUES ( 'ejrmg9k0', '3jgf54au');
INSERT INTO groep_64.project_is_gekoppeld_aan_project( id1, id2 ) VALUES ( 'rbq8gi40', 'c0viskp1');
INSERT INTO groep_64.project_is_gekoppeld_aan_project( id1, id2 ) VALUES ( '1ykebs43', '1adu6cqb');
INSERT INTO groep_64.project_is_gekoppeld_aan_project( id1, id2 ) VALUES ( 'lxsnuz25', 'z6pp3zmr');
INSERT INTO groep_64.project_is_gekoppeld_aan_project( id1, id2 ) VALUES ( '8k3a4j0s', 'ijs27m9g');
INSERT INTO groep_64.registreerder_projectprestaties( id, personeelsnummer, aantal_uren, datum, opmerking_uren, kosten, beschrijving_kosten ) VALUES ( '1o8fmb9o', 'r2730240', 8, '2015-12-28', null, null, null);
INSERT INTO groep_64.registreerder_projectprestaties( id, personeelsnummer, aantal_uren, datum, opmerking_uren, kosten, beschrijving_kosten ) VALUES ( '1o8fmb9o', 'r2730240', 8, '2015-12-29', null, null, null);
INSERT INTO groep_64.registreerder_projectprestaties( id, personeelsnummer, aantal_uren, datum, opmerking_uren, kosten, beschrijving_kosten ) VALUES ( '3jgf54au', 'r9473847', 8, '2015-11-02', 'Vandaag overuren gedraaid', 60.80, 'Deze aankoop was noodzakelijk voor het uitvoeren van het project');
INSERT INTO groep_64.registreerder_projectprestaties( id, personeelsnummer, aantal_uren, datum, opmerking_uren, kosten, beschrijving_kosten ) VALUES ( '3jgf54au', 'r9473847', 8, '2015-11-03', null, null, null);
INSERT INTO groep_64.registreerder_projectprestaties( id, personeelsnummer, aantal_uren, datum, opmerking_uren, kosten, beschrijving_kosten ) VALUES ( '3jgf54au', 'r9473847', 8, '2015-11-04', 'Vandaag overuren gedraaid', null, null);
INSERT INTO groep_64.registreerder_projectprestaties( id, personeelsnummer, aantal_uren, datum, opmerking_uren, kosten, beschrijving_kosten ) VALUES ( '3jgf54au', 'r9473847', 6, '2015-11-05', 'Vandaag minder gewerkt dan verwacht', null, null);
INSERT INTO groep_64.registreerder_projectprestaties( id, personeelsnummer, aantal_uren, datum, opmerking_uren, kosten, beschrijving_kosten ) VALUES ( '3jgf54au', 'r9473847', 8, '2015-11-09', 'Vandaag overuren gedraaid', 43.75, 'Deze aankoop was noodzakelijk voor het uitvoeren van het project');
INSERT INTO groep_64.registreerder_projectprestaties( id, personeelsnummer, aantal_uren, datum, opmerking_uren, kosten, beschrijving_kosten ) VALUES ( '3jgf54au', 'r9473847', 7, '2015-11-10', null, null, null);
INSERT INTO groep_64.registreerder_projectprestaties( id, personeelsnummer, aantal_uren, datum, opmerking_uren, kosten, beschrijving_kosten ) VALUES ( '3jgf54au', 'r9473847', 8, '2015-11-11', null, 50.35, 'Deze aankoop was noodzakelijk voor het uitvoeren van het project');
INSERT INTO groep_64.registreerder_projectprestaties( id, personeelsnummer, aantal_uren, datum, opmerking_uren, kosten, beschrijving_kosten ) VALUES ( '3jgf54au', 'r9473847', 7, '2015-11-12', null, null, null);
INSERT INTO groep_64.registreerder_projectprestaties( id, personeelsnummer, aantal_uren, datum, opmerking_uren, kosten, beschrijving_kosten ) VALUES ( 'ejrmg9k0', 'r7492058', 7, '2017-09-18', 'Vandaag meer gewerkt dan verwacht', null, null);
INSERT INTO groep_64.registreerder_projectprestaties( id, personeelsnummer, aantal_uren, datum, opmerking_uren, kosten, beschrijving_kosten ) VALUES ( 'ejrmg9k0', 'r7492058', 7, '2017-09-19', null, 63.80, 'Deze aankoop was noodzakelijk voor het uitvoeren van het project');
INSERT INTO groep_64.registreerder_projectprestaties( id, personeelsnummer, aantal_uren, datum, opmerking_uren, kosten, beschrijving_kosten ) VALUES ( 'ejrmg9k0', 'r7492058', 7, '2017-09-20', 'Vandaag meer gewerkt dan verwacht', null, null);
INSERT INTO groep_64.registreerder_projectprestaties( id, personeelsnummer, aantal_uren, datum, opmerking_uren, kosten, beschrijving_kosten ) VALUES ( 'ejrmg9k0', 'r7492058', 6, '2017-09-21', null, null, null);
INSERT INTO groep_64.registreerder_projectprestaties( id, personeelsnummer, aantal_uren, datum, opmerking_uren, kosten, beschrijving_kosten ) VALUES ( 'ejrmg9k0', 'r7492058', 7, '2017-09-25', null, 34.95, 'Deze aankoop was noodzakelijk voor het uitvoeren van het project');
INSERT INTO groep_64.registreerder_projectprestaties( id, personeelsnummer, aantal_uren, datum, opmerking_uren, kosten, beschrijving_kosten ) VALUES ( 'ejrmg9k0', 'r7492058', 7, '2017-09-26', 'Vandaag meer gewerkt dan verwacht', null, null);
INSERT INTO groep_64.registreerder_projectprestaties( id, personeelsnummer, aantal_uren, datum, opmerking_uren, kosten, beschrijving_kosten ) VALUES ( 'ejrmg9k0', 'r7492058', 7, '2017-09-27', null, 60.20, 'Deze aankoop was noodzakelijk voor het uitvoeren van het project');
INSERT INTO groep_64.registreerder_projectprestaties( id, personeelsnummer, aantal_uren, datum, opmerking_uren, kosten, beschrijving_kosten ) VALUES ( 'ejrmg9k0', 'r7492058', 6, '2017-09-28', 'Vandaag minder gewerkt dan verwacht', null, null);
INSERT INTO groep_64.registreerder_projectprestaties( id, personeelsnummer, aantal_uren, datum, opmerking_uren, kosten, beschrijving_kosten ) VALUES ( 'ejrmg9k0', 'r7492058', 7, '2017-10-02', null, null, null);
INSERT INTO groep_64.registreerder_projectprestaties( id, personeelsnummer, aantal_uren, datum, opmerking_uren, kosten, beschrijving_kosten ) VALUES ( 'ejrmg9k0', 'r7492058', 7, '2017-10-03', 'Vandaag meer gewerkt dan verwacht', null, null);
INSERT INTO groep_64.registreerder_projectprestaties( id, personeelsnummer, aantal_uren, datum, opmerking_uren, kosten, beschrijving_kosten ) VALUES ( 'ejrmg9k0', 'r7492058', 7, '2017-10-04', null, null, null);
INSERT INTO groep_64.registreerder_projectprestaties( id, personeelsnummer, aantal_uren, datum, opmerking_uren, kosten, beschrijving_kosten ) VALUES ( 'ejrmg9k0', 'r7492058', 7, '2017-10-05', null, 35.75, 'Deze aankoop was noodzakelijk voor het uitvoeren van het project');
INSERT INTO groep_64.registreerder_projectprestaties( id, personeelsnummer, aantal_uren, datum, opmerking_uren, kosten, beschrijving_kosten ) VALUES ( 'bk6tdyom', 'r7390462', 5, '2022-11-14', 'Vandaag minder gewerkt dan verwacht', 20.65, 'Deze aankoop was noodzakelijk voor het uitvoeren van de taak');
INSERT INTO groep_64.registreerder_projectprestaties( id, personeelsnummer, aantal_uren, datum, opmerking_uren, kosten, beschrijving_kosten ) VALUES ( 'bk6tdyom', 'r7390462', 5, '2022-11-15', null, 32.90, 'Deze aankoop was noodzakelijk voor het uitvoeren van de taak');
INSERT INTO groep_64.registreerder_projectprestaties( id, personeelsnummer, aantal_uren, datum, opmerking_uren, kosten, beschrijving_kosten ) VALUES ( 'bk6tdyom', 'r7390462', 5, '2022-11-21', null, 14.10, 'Deze aankoop was noodzakelijk voor het uitvoeren van de taak');
INSERT INTO groep_64.registreerder_projectprestaties( id, personeelsnummer, aantal_uren, datum, opmerking_uren, kosten, beschrijving_kosten ) VALUES ( 'bk6tdyom', 'r7390462', 6, '2022-11-22', 'Vandaag meer gewerkt dan verwacht', 26.80, 'Deze aankoop was noodzakelijk voor het uitvoeren van de taak');
INSERT INTO groep_64.registreerder_projectprestaties( id, personeelsnummer, aantal_uren, datum, opmerking_uren, kosten, beschrijving_kosten ) VALUES ( '1o8fmb9o', 'r5739321', 7, '2015-12-21', 'Vandaag meer gewerkt dan verwacht', 32.80, 'Deze aankoop was noodzakelijk voor het uitvoeren van het project');
INSERT INTO groep_64.registreerder_projectprestaties( id, personeelsnummer, aantal_uren, datum, opmerking_uren, kosten, beschrijving_kosten ) VALUES ( '1o8fmb9o', 'r5739321', 6, '2015-12-22', null, null, null);
INSERT INTO groep_64.registreerder_projectprestaties( id, personeelsnummer, aantal_uren, datum, opmerking_uren, kosten, beschrijving_kosten ) VALUES ( '1o8fmb9o', 'r5739321', 7, '2015-12-23', 'Vandaag meer gewerkt dan verwacht', null, null);
INSERT INTO groep_64.registreerder_projectprestaties( id, personeelsnummer, aantal_uren, datum, opmerking_uren, kosten, beschrijving_kosten ) VALUES ( '1o8fmb9o', 'r5739321', 7, '2015-12-24', null, 45.60, 'Deze aankoop was noodzakelijk voor het uitvoeren van het project');
INSERT INTO groep_64.registreerder_projectprestaties( id, personeelsnummer, aantal_uren, datum, opmerking_uren, kosten, beschrijving_kosten ) VALUES ( '1o8fmb9o', 'r5739321', 6, '2015-12-28', 'Vandaag minder gewerkt dan verwacht', null, null);
INSERT INTO groep_64.registreerder_projectprestaties( id, personeelsnummer, aantal_uren, datum, opmerking_uren, kosten, beschrijving_kosten ) VALUES ( '1o8fmb9o', 'r5739321', 7, '2015-12-29', null, null, null);
INSERT INTO groep_64.registreerder_projectprestaties( id, personeelsnummer, aantal_uren, datum, opmerking_uren, kosten, beschrijving_kosten ) VALUES ( '1o8fmb9o', 'r5739321', 7, '2015-12-30', null, 31.90, 'Deze aankoop was noodzakelijk voor het uitvoeren van het project');
INSERT INTO groep_64.registreerder_projectprestaties( id, personeelsnummer, aantal_uren, datum, opmerking_uren, kosten, beschrijving_kosten ) VALUES ( '1o8fmb9o', 'r5739321', 7, '2015-12-31', null, null, null);
INSERT INTO groep_64.registreerder_projectprestaties( id, personeelsnummer, aantal_uren, datum, opmerking_uren, kosten, beschrijving_kosten ) VALUES ( '1o8fmb9o', 'r5739321', 7, '2016-01-04', 'Vandaag meer gewerkt dan verwacht', null, null);
INSERT INTO groep_64.registreerder_projectprestaties( id, personeelsnummer, aantal_uren, datum, opmerking_uren, kosten, beschrijving_kosten ) VALUES ( '1o8fmb9o', 'r5739321', 8, '2016-01-05', null, 10.20, 'Deze aankoop was noodzakelijk voor het uitvoeren van het project');
INSERT INTO groep_64.registreerder_projectprestaties( id, personeelsnummer, aantal_uren, datum, opmerking_uren, kosten, beschrijving_kosten ) VALUES ( '1o8fmb9o', 'r5739321', 6, '2016-01-06', null, null, null);
INSERT INTO groep_64.registreerder_projectprestaties( id, personeelsnummer, aantal_uren, datum, opmerking_uren, kosten, beschrijving_kosten ) VALUES ( '1o8fmb9o', 'r5739321', 7, '2016-01-07', null, null, null);
INSERT INTO groep_64.registreerder_projectprestaties( id, personeelsnummer, aantal_uren, datum, opmerking_uren, kosten, beschrijving_kosten ) VALUES ( '1o8fmb9o', 'r9403076', 8, '2015-12-21', null, 40.70, 'Deze aankoop was noodzakelijk voor het uitvoeren van het project');
INSERT INTO groep_64.registreerder_projectprestaties( id, personeelsnummer, aantal_uren, datum, opmerking_uren, kosten, beschrijving_kosten ) VALUES ( '1o8fmb9o', 'r9403076', 8, '2015-12-22', null, null, null);
INSERT INTO groep_64.registreerder_projectprestaties( id, personeelsnummer, aantal_uren, datum, opmerking_uren, kosten, beschrijving_kosten ) VALUES ( '1o8fmb9o', 'r9403076', 8, '2015-12-23', null, 49.50, 'Deze aankoop was noodzakelijk voor het uitvoeren van het project');
INSERT INTO groep_64.registreerder_projectprestaties( id, personeelsnummer, aantal_uren, datum, opmerking_uren, kosten, beschrijving_kosten ) VALUES ( '1o8fmb9o', 'r2730240', 8, '2015-12-30', null, 70.35, 'Deze aankoop was noodzakelijk voor het uitvoeren van het project');
INSERT INTO groep_64.registreerder_projectprestaties( id, personeelsnummer, aantal_uren, datum, opmerking_uren, kosten, beschrijving_kosten ) VALUES ( '1o8fmb9o', 'r2488494', 6, '2015-12-21', null, null, null);
INSERT INTO groep_64.registreerder_projectprestaties( id, personeelsnummer, aantal_uren, datum, opmerking_uren, kosten, beschrijving_kosten ) VALUES ( '1o8fmb9o', 'r2488494', 7, '2015-12-22', 'Vandaag meer gewerkt dan verwacht', null, null);
INSERT INTO groep_64.registreerder_projectprestaties( id, personeelsnummer, aantal_uren, datum, opmerking_uren, kosten, beschrijving_kosten ) VALUES ( '1o8fmb9o', 'r2488494', 6, '2015-12-23', null, 50.45, 'Deze aankoop was noodzakelijk voor het uitvoeren van het project');
INSERT INTO groep_64.registreerder_projectprestaties( id, personeelsnummer, aantal_uren, datum, opmerking_uren, kosten, beschrijving_kosten ) VALUES ( '1o8fmb9o', 'r4292900', 7, '2015-12-28', null, null, null);
INSERT INTO groep_64.registreerder_projectprestaties( id, personeelsnummer, aantal_uren, datum, opmerking_uren, kosten, beschrijving_kosten ) VALUES ( '1o8fmb9o', 'r4292900', 7, '2015-12-29', 'Vandaag meer gewerkt dan verwacht', 20.60, 'Deze aankoop was noodzakelijk voor het uitvoeren van het project');
INSERT INTO groep_64.registreerder_projectprestaties( id, personeelsnummer, aantal_uren, datum, opmerking_uren, kosten, beschrijving_kosten ) VALUES ( '1o8fmb9o', 'r4292900', 6, '2015-12-30', null, null, null);
INSERT INTO groep_64.registreerder_projectprestaties( id, personeelsnummer, aantal_uren, datum, opmerking_uren, kosten, beschrijving_kosten ) VALUES ( '1o8fmb9o', 'r7949411', 6, '2016-01-04', 'Vandaag minder gewerkt dan verwacht', 90.30, 'Deze aankoop was noodzakelijk voor het uitvoeren van het project');
INSERT INTO groep_64.registreerder_projectprestaties( id, personeelsnummer, aantal_uren, datum, opmerking_uren, kosten, beschrijving_kosten ) VALUES ( '1o8fmb9o', 'r7949411', 6, '2016-01-05', null, null, null);
INSERT INTO groep_64.registreerder_projectprestaties( id, personeelsnummer, aantal_uren, datum, opmerking_uren, kosten, beschrijving_kosten ) VALUES ( '1o8fmb9o', 'r7949411', 6, '2016-01-06', 'Vandaag minder gewerkt dan verwacht', 5.30, 'Deze aankoop was noodzakelijk voor het uitvoeren van het project');
INSERT INTO groep_64.registreerder_projectprestaties( id, personeelsnummer, aantal_uren, datum, opmerking_uren, kosten, beschrijving_kosten ) VALUES ( 'rbq8gi40', 'r6842901', 8, '2016-06-06', null, null, null);
INSERT INTO groep_64.registreerder_projectprestaties( id, personeelsnummer, aantal_uren, datum, opmerking_uren, kosten, beschrijving_kosten ) VALUES ( 'rbq8gi40', 'r6842901', 7, '2016-06-07', null, null, null);
INSERT INTO groep_64.registreerder_projectprestaties( id, personeelsnummer, aantal_uren, datum, opmerking_uren, kosten, beschrijving_kosten ) VALUES ( 'rbq8gi40', 'r6842901', 8, '2016-06-08', null, 53.70, 'Deze aankoop was noodzakelijk voor het uitvoeren van het project');
INSERT INTO groep_64.registreerder_projectprestaties( id, personeelsnummer, aantal_uren, datum, opmerking_uren, kosten, beschrijving_kosten ) VALUES ( 'rbq8gi40', 'r6842901', 8, '2016-06-09', null, null, null);
INSERT INTO groep_64.registreerder_projectprestaties( id, personeelsnummer, aantal_uren, datum, opmerking_uren, kosten, beschrijving_kosten ) VALUES ( 'rbq8gi40', 'r6842901', 7, '2016-06-13', 'Vandaag meer gewerkt dan verwacht', 26.50, 'Deze aankoop was noodzakelijk voor het uitvoeren van het project');
INSERT INTO groep_64.registreerder_projectprestaties( id, personeelsnummer, aantal_uren, datum, opmerking_uren, kosten, beschrijving_kosten ) VALUES ( 'rbq8gi40', 'r6842901', 8, '2016-06-14', null, null, null);
INSERT INTO groep_64.registreerder_projectprestaties( id, personeelsnummer, aantal_uren, datum, opmerking_uren, kosten, beschrijving_kosten ) VALUES ( 'rbq8gi40', 'r6842901', 7, '2016-06-15', null, 31.75, 'Deze aankoop was noodzakelijk voor het uitvoeren van het project');
INSERT INTO groep_64.registreerder_projectprestaties( id, personeelsnummer, aantal_uren, datum, opmerking_uren, kosten, beschrijving_kosten ) VALUES ( 'rbq8gi40', 'r6842901', 8, '2016-06-16', null, null, null);
INSERT INTO groep_64.registreerder_projectprestaties( id, personeelsnummer, aantal_uren, datum, opmerking_uren, kosten, beschrijving_kosten ) VALUES ( 'rbq8gi40', 'r6842901', 8, '2016-06-20', 'Vandaag overuren gedraaid', 60.10, 'Deze aankoop was noodzakelijk voor het uitvoeren van het project');
INSERT INTO groep_64.registreerder_projectprestaties( id, personeelsnummer, aantal_uren, datum, opmerking_uren, kosten, beschrijving_kosten ) VALUES ( 'rbq8gi40', 'r6842901', 8, '2016-06-21', null, null, null);
INSERT INTO groep_64.registreerder_projectprestaties( id, personeelsnummer, aantal_uren, datum, opmerking_uren, kosten, beschrijving_kosten ) VALUES ( 'rbq8gi40', 'r6842901', 8, '2016-06-22', 'Vandaag overuren gedraaid', null, null);
INSERT INTO groep_64.registreerder_projectprestaties( id, personeelsnummer, aantal_uren, datum, opmerking_uren, kosten, beschrijving_kosten ) VALUES ( 'rbq8gi40', 'r6842901', 7, '2016-06-23', null, null, null);
INSERT INTO groep_64.registreerder_projectprestaties( id, personeelsnummer, aantal_uren, datum, opmerking_uren, kosten, beschrijving_kosten ) VALUES ( '1adu6cqb', 'r7480472', 8, '2014-11-10', null, null, null);
INSERT INTO groep_64.registreerder_projectprestaties( id, personeelsnummer, aantal_uren, datum, opmerking_uren, kosten, beschrijving_kosten ) VALUES ( '1adu6cqb', 'r7480472', 7, '2014-11-11', null, 30.70, 'Deze aankoop was noodzakelijk voor het uitvoeren van het project');
INSERT INTO groep_64.registreerder_projectprestaties( id, personeelsnummer, aantal_uren, datum, opmerking_uren, kosten, beschrijving_kosten ) VALUES ( '1adu6cqb', 'r7480472', 8, '2014-11-12', 'Vandaag overuren gedraaid', 56.75, 'Deze aankoop was noodzakelijk voor het uitvoeren van het project');
INSERT INTO groep_64.registreerder_projectprestaties( id, personeelsnummer, aantal_uren, datum, opmerking_uren, kosten, beschrijving_kosten ) VALUES ( '1adu6cqb', 'r7480472', 8, '2014-11-13', null, null, null);
INSERT INTO groep_64.registreerder_projectprestaties( id, personeelsnummer, aantal_uren, datum, opmerking_uren, kosten, beschrijving_kosten ) VALUES ( '1adu6cqb', 'r7480472', 8, '2014-11-14', null, 42, 'Deze aankoop was noodzakelijk voor het uitvoeren van het project');
INSERT INTO groep_64.registreerder_projectprestaties( id, personeelsnummer, aantal_uren, datum, opmerking_uren, kosten, beschrijving_kosten ) VALUES ( '1adu6cqb', 'r7480472', 7, '2014-11-17', 'Vandaag meer gewerkt dan verwacht', null, null);
INSERT INTO groep_64.registreerder_projectprestaties( id, personeelsnummer, aantal_uren, datum, opmerking_uren, kosten, beschrijving_kosten ) VALUES ( '1adu6cqb', 'r7480472', 7, '2014-11-18', null, null, null);
INSERT INTO groep_64.registreerder_projectprestaties( id, personeelsnummer, aantal_uren, datum, opmerking_uren, kosten, beschrijving_kosten ) VALUES ( '1adu6cqb', 'r7480472', 8, '2014-11-19', 'Vandaag overuren gedraaid', null, null);
INSERT INTO groep_64.registreerder_projectprestaties( id, personeelsnummer, aantal_uren, datum, opmerking_uren, kosten, beschrijving_kosten ) VALUES ( '1adu6cqb', 'r7480472', 8, '2014-11-20', 'Vandaag overuren gedraaid', null, null);
INSERT INTO groep_64.registreerder_projectprestaties( id, personeelsnummer, aantal_uren, datum, opmerking_uren, kosten, beschrijving_kosten ) VALUES ( '1adu6cqb', 'r7480472', 7, '2014-11-21', null, null, null);
INSERT INTO groep_64.registreerder_projectprestaties( id, personeelsnummer, aantal_uren, datum, opmerking_uren, kosten, beschrijving_kosten ) VALUES ( '1ykebs43', 'r2840932', 8, '2020-07-06', null, 40.70, 'Deze aankoop was noodzakelijk voor het uitvoeren van het project');
INSERT INTO groep_64.registreerder_projectprestaties( id, personeelsnummer, aantal_uren, datum, opmerking_uren, kosten, beschrijving_kosten ) VALUES ( '1ykebs43', 'r2840932', 8, '2020-07-07', 'Vandaag overuren gedraaid', null, null);
INSERT INTO groep_64.registreerder_projectprestaties( id, personeelsnummer, aantal_uren, datum, opmerking_uren, kosten, beschrijving_kosten ) VALUES ( '1ykebs43', 'r2840932', 7, '2020-07-08', null, null, null);
INSERT INTO groep_64.registreerder_projectprestaties( id, personeelsnummer, aantal_uren, datum, opmerking_uren, kosten, beschrijving_kosten ) VALUES ( '1ykebs43', 'r2840932', 7, '2020-07-09', null, 70.25, 'Deze aankoop was noodzakelijk voor het uitvoeren van het project');
INSERT INTO groep_64.registreerder_projectprestaties( id, personeelsnummer, aantal_uren, datum, opmerking_uren, kosten, beschrijving_kosten ) VALUES ( '1ykebs43', 'r2840932', 7, '2020-07-10', 'Vandaag meer gewerkt dan verwacht', null, null);
INSERT INTO groep_64.registreerder_projectprestaties( id, personeelsnummer, aantal_uren, datum, opmerking_uren, kosten, beschrijving_kosten ) VALUES ( '1ykebs43', 'r2840932', 7, '2020-07-13', null, 30.10, 'Deze aankoop was noodzakelijk voor het uitvoeren van het project');
INSERT INTO groep_64.registreerder_projectprestaties( id, personeelsnummer, aantal_uren, datum, opmerking_uren, kosten, beschrijving_kosten ) VALUES ( '1ykebs43', 'r2840932', 7, '2020-07-14', null, null, null);
INSERT INTO groep_64.registreerder_projectprestaties( id, personeelsnummer, aantal_uren, datum, opmerking_uren, kosten, beschrijving_kosten ) VALUES ( '1ykebs43', 'r2840932', 7, '2020-07-15', 'Vandaag meer gewerkt dan verwacht', 10.30, 'Deze aankoop was noodzakelijk voor het uitvoeren van het project');
INSERT INTO groep_64.registreerder_projectprestaties( id, personeelsnummer, aantal_uren, datum, opmerking_uren, kosten, beschrijving_kosten ) VALUES ( '1ykebs43', 'r2840932', 7, '2020-07-16', 'Vandaag meer gewerkt dan verwacht', 18.60, 'Deze aankoop was noodzakelijk voor het uitvoeren van het project');
INSERT INTO groep_64.registreerder_projectprestaties( id, personeelsnummer, aantal_uren, datum, opmerking_uren, kosten, beschrijving_kosten ) VALUES ( '1ykebs43', 'r2840932', 7, '2020-07-17', null, null, null);
INSERT INTO groep_64.registreerder_projectprestaties( id, personeelsnummer, aantal_uren, datum, opmerking_uren, kosten, beschrijving_kosten ) VALUES ( 'g7ve3bvi', 'r4829493', 8, '2020-11-16', null, null, null);
INSERT INTO groep_64.registreerder_projectprestaties( id, personeelsnummer, aantal_uren, datum, opmerking_uren, kosten, beschrijving_kosten ) VALUES ( 'g7ve3bvi', 'r4829493', 7, '2020-11-17', null, null, null);
INSERT INTO groep_64.registreerder_projectprestaties( id, personeelsnummer, aantal_uren, datum, opmerking_uren, kosten, beschrijving_kosten ) VALUES ( 'g7ve3bvi', 'r4829493', 7, '2020-11-18', 'Vandaag meer gewerkt dan verwacht', 50.20, 'Deze aankoop was noodzakelijk voor het uitvoeren van het project');
INSERT INTO groep_64.registreerder_projectprestaties( id, personeelsnummer, aantal_uren, datum, opmerking_uren, kosten, beschrijving_kosten ) VALUES ( 'g7ve3bvi', 'r4829493', 8, '2020-11-19', null, null, null);
INSERT INTO groep_64.registreerder_projectprestaties( id, personeelsnummer, aantal_uren, datum, opmerking_uren, kosten, beschrijving_kosten ) VALUES ( 'g7ve3bvi', 'r4829493', 6, '2020-11-23', 'Vandaag minder gewerkt dan verwacht', 42.80, 'Deze aankoop was noodzakelijk voor het uitvoeren van het project');
INSERT INTO groep_64.registreerder_projectprestaties( id, personeelsnummer, aantal_uren, datum, opmerking_uren, kosten, beschrijving_kosten ) VALUES ( 'g7ve3bvi', 'r4829493', 6, '2020-11-24', null, null, null);
INSERT INTO groep_64.registreerder_projectprestaties( id, personeelsnummer, aantal_uren, datum, opmerking_uren, kosten, beschrijving_kosten ) VALUES ( 'g7ve3bvi', 'r4829493', 7, '2020-11-25', null, 46.10, 'Deze aankoop was noodzakelijk voor het uitvoeren van het project');
INSERT INTO groep_64.registreerder_projectprestaties( id, personeelsnummer, aantal_uren, datum, opmerking_uren, kosten, beschrijving_kosten ) VALUES ( 'g7ve3bvi', 'r4829493', 7, '2020-11-26', 'Vandaag meer gewerkt dan verwacht', null, null);
INSERT INTO groep_64.registreerder_projectprestaties( id, personeelsnummer, aantal_uren, datum, opmerking_uren, kosten, beschrijving_kosten ) VALUES ( 'g7ve3bvi', 'r0483942', 8, '2020-11-16', null, null, null);
INSERT INTO groep_64.registreerder_projectprestaties( id, personeelsnummer, aantal_uren, datum, opmerking_uren, kosten, beschrijving_kosten ) VALUES ( 'g7ve3bvi', 'r0483942', 8, '2020-11-17', null, 50.20, 'Deze aankoop was noodzakelijk voor het uitvoeren van het project');
INSERT INTO groep_64.registreerder_projectprestaties( id, personeelsnummer, aantal_uren, datum, opmerking_uren, kosten, beschrijving_kosten ) VALUES ( 'g7ve3bvi', 'r0483942', 8, '2020-11-18', null, null, null);
INSERT INTO groep_64.registreerder_projectprestaties( id, personeelsnummer, aantal_uren, datum, opmerking_uren, kosten, beschrijving_kosten ) VALUES ( 'g7ve3bvi', 'r1949503', 6, '2020-11-23', null, 49.30, 'Deze aankoop was noodzakelijk voor het uitvoeren van het project');
INSERT INTO groep_64.registreerder_projectprestaties( id, personeelsnummer, aantal_uren, datum, opmerking_uren, kosten, beschrijving_kosten ) VALUES ( 'g7ve3bvi', 'r1949503', 6, '2020-11-24', 'Vandaag minder gewerkt dan verwacht', 18.30, 'Deze aankoop was noodzakelijk voor het uitvoeren van het project');
INSERT INTO groep_64.registreerder_projectprestaties( id, personeelsnummer, aantal_uren, datum, opmerking_uren, kosten, beschrijving_kosten ) VALUES ( 'g7ve3bvi', 'r1949503', 7, '2020-11-25', null, 24.60, 'Deze aankoop was noodzakelijk voor het uitvoeren van het project');
INSERT INTO groep_64.registreerder_projectprestaties( id, personeelsnummer, aantal_uren, datum, opmerking_uren, kosten, beschrijving_kosten ) VALUES ( 'g7ve3bvi', 'r1949503', 6, '2020-11-26', null, null, null);
INSERT INTO groep_64.registreerder_projectprestaties( id, personeelsnummer, aantal_uren, datum, opmerking_uren, kosten, beschrijving_kosten ) VALUES ( 'z6pp3zmr', 'r3824842', 7, '2021-09-06', 'Vandaag meer gewerkt dan verwacht', null, null);
INSERT INTO groep_64.registreerder_projectprestaties( id, personeelsnummer, aantal_uren, datum, opmerking_uren, kosten, beschrijving_kosten ) VALUES ( 'z6pp3zmr', 'r3824842', 7, '2021-09-07', null, null, null);
INSERT INTO groep_64.registreerder_projectprestaties( id, personeelsnummer, aantal_uren, datum, opmerking_uren, kosten, beschrijving_kosten ) VALUES ( 'z6pp3zmr', 'r3824842', 7, '2021-09-08', 'Vandaag meer gewerkt dan verwacht', 64.90, 'Deze aankoop was noodzakelijk voor het uitvoeren van het project');
INSERT INTO groep_64.registreerder_projectprestaties( id, personeelsnummer, aantal_uren, datum, opmerking_uren, kosten, beschrijving_kosten ) VALUES ( 'z6pp3zmr', 'r3824842', 7, '2021-09-09', null, null, null);
INSERT INTO groep_64.registreerder_projectprestaties( id, personeelsnummer, aantal_uren, datum, opmerking_uren, kosten, beschrijving_kosten ) VALUES ( 'z6pp3zmr', 'r0038998', 7, '2021-09-13', 'Vandaag meer gewerkt dan verwacht', 57.20, 'Deze aankoop was noodzakelijk voor het uitvoeren van het project');
INSERT INTO groep_64.registreerder_projectprestaties( id, personeelsnummer, aantal_uren, datum, opmerking_uren, kosten, beschrijving_kosten ) VALUES ( 'z6pp3zmr', 'r0038998', 8, '2021-09-14', null, 22.15, 'Deze aankoop was noodzakelijk voor het uitvoeren van het project');
INSERT INTO groep_64.registreerder_projectprestaties( id, personeelsnummer, aantal_uren, datum, opmerking_uren, kosten, beschrijving_kosten ) VALUES ( 'z6pp3zmr', 'r0038998', 7, '2021-09-15', null, null, null);
INSERT INTO groep_64.registreerder_projectprestaties( id, personeelsnummer, aantal_uren, datum, opmerking_uren, kosten, beschrijving_kosten ) VALUES ( 'z6pp3zmr', 'r0038998', 7, '2021-09-16', null, null, null);
INSERT INTO groep_64.registreerder_projectprestaties( id, personeelsnummer, aantal_uren, datum, opmerking_uren, kosten, beschrijving_kosten ) VALUES ( 'z6pp3zmr', 'r8472481', 7, '2021-09-20', null, 61.60, 'Deze aankoop was noodzakelijk voor het uitvoeren van het project');
INSERT INTO groep_64.registreerder_projectprestaties( id, personeelsnummer, aantal_uren, datum, opmerking_uren, kosten, beschrijving_kosten ) VALUES ( 'z6pp3zmr', 'r8472481', 7, '2021-09-21', null, null, null);
INSERT INTO groep_64.registreerder_projectprestaties( id, personeelsnummer, aantal_uren, datum, opmerking_uren, kosten, beschrijving_kosten ) VALUES ( 'z6pp3zmr', 'r8472481', 7, '2021-09-22', 'Vandaag meer gewerkt dan verwacht', null, null);
INSERT INTO groep_64.registreerder_projectprestaties( id, personeelsnummer, aantal_uren, datum, opmerking_uren, kosten, beschrijving_kosten ) VALUES ( 'z6pp3zmr', 'r8472481', 7, '2021-09-23', 'Vandaag meer gewerkt dan verwacht', null, null);
INSERT INTO groep_64.registreerder_projectprestaties( id, personeelsnummer, aantal_uren, datum, opmerking_uren, kosten, beschrijving_kosten ) VALUES ( 'z6pp3zmr', 'r6839555', 7, '2021-09-06', null, null, null);
INSERT INTO groep_64.registreerder_projectprestaties( id, personeelsnummer, aantal_uren, datum, opmerking_uren, kosten, beschrijving_kosten ) VALUES ( 'z6pp3zmr', 'r6839555', 6, '2021-09-07', null, 26.90, 'Deze aankoop was noodzakelijk voor het uitvoeren van het project');
INSERT INTO groep_64.registreerder_projectprestaties( id, personeelsnummer, aantal_uren, datum, opmerking_uren, kosten, beschrijving_kosten ) VALUES ( 'z6pp3zmr', 'r6839555', 7, '2021-09-08', null, null, null);
INSERT INTO groep_64.registreerder_projectprestaties( id, personeelsnummer, aantal_uren, datum, opmerking_uren, kosten, beschrijving_kosten ) VALUES ( 'z6pp3zmr', 'r6839555', 6, '2021-09-09', 'Vandaag minder gewerkt dan verwacht', 22.90, 'Deze aankoop was noodzakelijk voor het uitvoeren van het project');
INSERT INTO groep_64.registreerder_projectprestaties( id, personeelsnummer, aantal_uren, datum, opmerking_uren, kosten, beschrijving_kosten ) VALUES ( 'z6pp3zmr', 'r6839555', 8, '2021-09-13', 'Vandaag overuren gedraaid', null, null);
INSERT INTO groep_64.registreerder_projectprestaties( id, personeelsnummer, aantal_uren, datum, opmerking_uren, kosten, beschrijving_kosten ) VALUES ( 'z6pp3zmr', 'r6839555', 6, '2021-09-14', null, null, null);
INSERT INTO groep_64.registreerder_projectprestaties( id, personeelsnummer, aantal_uren, datum, opmerking_uren, kosten, beschrijving_kosten ) VALUES ( 'z6pp3zmr', 'r6839555', 7, '2021-09-15', null, 31.40, 'Deze aankoop was noodzakelijk voor het uitvoeren van het project');
INSERT INTO groep_64.registreerder_projectprestaties( id, personeelsnummer, aantal_uren, datum, opmerking_uren, kosten, beschrijving_kosten ) VALUES ( 'z6pp3zmr', 'r6839555', 7, '2021-09-16', 'Vandaag meer gewerkt dan verwacht', 10.20, 'Deze aankoop was noodzakelijk voor het uitvoeren van het project');
INSERT INTO groep_64.registreerder_projectprestaties( id, personeelsnummer, aantal_uren, datum, opmerking_uren, kosten, beschrijving_kosten ) VALUES ( 'z6pp3zmr', 'r2424000', 7, '2021-09-06', null, null, null);
INSERT INTO groep_64.registreerder_projectprestaties( id, personeelsnummer, aantal_uren, datum, opmerking_uren, kosten, beschrijving_kosten ) VALUES ( 'z6pp3zmr', 'r2424000', 7, '2021-09-07', 'Vandaag meer gewerkt dan verwacht', null, null);
INSERT INTO groep_64.registreerder_projectprestaties( id, personeelsnummer, aantal_uren, datum, opmerking_uren, kosten, beschrijving_kosten ) VALUES ( 'z6pp3zmr', 'r2424000', 8, '2021-09-08', 'Vandaag overuren gedraaid', 30.70, 'Deze aankoop was noodzakelijk voor het uitvoeren van het project');
INSERT INTO groep_64.registreerder_projectprestaties( id, personeelsnummer, aantal_uren, datum, opmerking_uren, kosten, beschrijving_kosten ) VALUES ( 'z6pp3zmr', 'r2424000', 6, '2021-09-13', null, 22.70, 'Deze aankoop was noodzakelijk voor het uitvoeren van het project');
INSERT INTO groep_64.registreerder_projectprestaties( id, personeelsnummer, aantal_uren, datum, opmerking_uren, kosten, beschrijving_kosten ) VALUES ( 'z6pp3zmr', 'r2424000', 7, '2021-09-14', null, null, null);
INSERT INTO groep_64.registreerder_projectprestaties( id, personeelsnummer, aantal_uren, datum, opmerking_uren, kosten, beschrijving_kosten ) VALUES ( 'z6pp3zmr', 'r2424000', 6, '2021-09-15', 'Vandaag minder gewerkt dan verwacht', 39.15, 'Deze aankoop was noodzakelijk voor het uitvoeren van het project');
INSERT INTO groep_64.registreerder_projectprestaties( id, personeelsnummer, aantal_uren, datum, opmerking_uren, kosten, beschrijving_kosten ) VALUES ( 'z6pp3zmr', 'r2424000', 6, '2021-09-16', null, null, null);
INSERT INTO groep_64.registreerder_projectprestaties( id, personeelsnummer, aantal_uren, datum, opmerking_uren, kosten, beschrijving_kosten ) VALUES ( 'lxsnuz25', 'r7492058', 7, '2021-12-13', 'Vandaag meer gewerkt dan verwacht', null, null);
INSERT INTO groep_64.registreerder_projectprestaties( id, personeelsnummer, aantal_uren, datum, opmerking_uren, kosten, beschrijving_kosten ) VALUES ( 'lxsnuz25', 'r7492058', 8, '2021-12-14', null, 22.80, 'Deze aankoop was noodzakelijk voor het uitvoeren van het project');
INSERT INTO groep_64.registreerder_projectprestaties( id, personeelsnummer, aantal_uren, datum, opmerking_uren, kosten, beschrijving_kosten ) VALUES ( 'lxsnuz25', 'r7492058', 8, '2021-12-15', 'Vandaag overuren gedraaid', 49.80, 'Deze aankoop was noodzakelijk voor het uitvoeren van het project');
INSERT INTO groep_64.registreerder_projectprestaties( id, personeelsnummer, aantal_uren, datum, opmerking_uren, kosten, beschrijving_kosten ) VALUES ( 'lxsnuz25', 'r7492058', 8, '2021-12-16', null, null, null);
INSERT INTO groep_64.registreerder_projectprestaties( id, personeelsnummer, aantal_uren, datum, opmerking_uren, kosten, beschrijving_kosten ) VALUES ( 'lxsnuz25', 'r7492058', 7, '2021-12-20', null, null, null);
INSERT INTO groep_64.registreerder_projectprestaties( id, personeelsnummer, aantal_uren, datum, opmerking_uren, kosten, beschrijving_kosten ) VALUES ( 'lxsnuz25', 'r7492058', 8, '2021-12-21', null, 10.50, 'Deze aankoop was noodzakelijk voor het uitvoeren van het project');
INSERT INTO groep_64.registreerder_projectprestaties( id, personeelsnummer, aantal_uren, datum, opmerking_uren, kosten, beschrijving_kosten ) VALUES ( 'lxsnuz25', 'r7492058', 7, '2021-12-22', 'Vandaag meer gewerkt dan verwacht', null, null);
INSERT INTO groep_64.registreerder_projectprestaties( id, personeelsnummer, aantal_uren, datum, opmerking_uren, kosten, beschrijving_kosten ) VALUES ( 'lxsnuz25', 'r7492058', 7, '2021-12-23', null, null, null);
INSERT INTO groep_64.registreerder_projectprestaties( id, personeelsnummer, aantal_uren, datum, opmerking_uren, kosten, beschrijving_kosten ) VALUES ( 'lxsnuz25', 'r7492058', 7, '2021-12-24', 'Vandaag meer gewerkt dan verwacht', 17.30, 'Deze aankoop was noodzakelijk voor het uitvoeren van het project');
INSERT INTO groep_64.registreerder_projectprestaties( id, personeelsnummer, aantal_uren, datum, opmerking_uren, kosten, beschrijving_kosten ) VALUES ( 'ijs27m9g', 'r9473847', 7, '2020-06-01', null, null, null);
INSERT INTO groep_64.registreerder_projectprestaties( id, personeelsnummer, aantal_uren, datum, opmerking_uren, kosten, beschrijving_kosten ) VALUES ( 'ijs27m9g', 'r9473847', 7, '2020-06-02', null, 21.70, 'Deze aankoop was noodzakelijk voor het uitvoeren van het project');
INSERT INTO groep_64.registreerder_projectprestaties( id, personeelsnummer, aantal_uren, datum, opmerking_uren, kosten, beschrijving_kosten ) VALUES ( 'ijs27m9g', 'r9473847', 7, '2020-06-03', null, null, null);
INSERT INTO groep_64.registreerder_projectprestaties( id, personeelsnummer, aantal_uren, datum, opmerking_uren, kosten, beschrijving_kosten ) VALUES ( 'ijs27m9g', 'r9473847', 6, '2020-06-04', null, 37.50, 'Deze aankoop was noodzakelijk voor het uitvoeren van het project');
INSERT INTO groep_64.registreerder_projectprestaties( id, personeelsnummer, aantal_uren, datum, opmerking_uren, kosten, beschrijving_kosten ) VALUES ( 'ijs27m9g', 'r9473847', 7, '2020-06-05', 'Vandaag meer gewerkt dan verwacht', null, null);
INSERT INTO groep_64.registreerder_projectprestaties( id, personeelsnummer, aantal_uren, datum, opmerking_uren, kosten, beschrijving_kosten ) VALUES ( 'ijs27m9g', 'r9473847', 6, '2020-06-08', null, 22.45, 'Deze aankoop was noodzakelijk voor het uitvoeren van het project');
INSERT INTO groep_64.registreerder_projectprestaties( id, personeelsnummer, aantal_uren, datum, opmerking_uren, kosten, beschrijving_kosten ) VALUES ( 'ijs27m9g', 'r9473847', 8, '2020-06-09', 'Vandaag overuren gedraaid', 14.05, 'Deze aankoop was noodzakelijk voor het uitvoeren van het project');
INSERT INTO groep_64.registreerder_projectprestaties( id, personeelsnummer, aantal_uren, datum, opmerking_uren, kosten, beschrijving_kosten ) VALUES ( 'ijs27m9g', 'r9473847', 8, '2020-06-10', null, null, null);
INSERT INTO groep_64.registreerder_projectprestaties( id, personeelsnummer, aantal_uren, datum, opmerking_uren, kosten, beschrijving_kosten ) VALUES ( 'ijs27m9g', 'r9473847', 6, '2020-06-11', 'Vandaag minder gewerkt dan verwacht', null, null);
INSERT INTO groep_64.registreerder_projectprestaties( id, personeelsnummer, aantal_uren, datum, opmerking_uren, kosten, beschrijving_kosten ) VALUES ( '8k3a4j0s', 'r7390462', 4, '2022-11-16', null, 23.65, 'Deze aankoop was noodzakelijk voor het uitvoeren van de taak');
INSERT INTO groep_64.registreerder_projectprestaties( id, personeelsnummer, aantal_uren, datum, opmerking_uren, kosten, beschrijving_kosten ) VALUES ( '8k3a4j0s', 'r7390462', 4, '2022-11-17', null, 31.20, 'Deze aankoop was noodzakelijk voor het uitvoeren van de taak');
INSERT INTO groep_64.registreerder_projectprestaties( id, personeelsnummer, aantal_uren, datum, opmerking_uren, kosten, beschrijving_kosten ) VALUES ( '8k3a4j0s', 'r7390462', 3, '2022-11-23', 'Vandaag minder gewerkt dan verwacht', 18, 'Deze aankoop was noodzakelijk voor het uitvoeren van de taak');
INSERT INTO groep_64.registreerder_projectprestaties( id, personeelsnummer, aantal_uren, datum, opmerking_uren, kosten, beschrijving_kosten ) VALUES ( '8k3a4j0s', 'r7390462', 5, '2022-11-24', 'Vandaag meer gewerkt dan verwacht', 23.40, 'Deze aankoop was noodzakelijk voor het uitvoeren van de taak');
INSERT INTO groep_64.registreerder_projectprestaties( id, personeelsnummer, aantal_uren, datum, opmerking_uren, kosten, beschrijving_kosten ) VALUES ( 'ubzqmdn1', 'r2730240', 7, '2017-03-20', null, null, null);
INSERT INTO groep_64.registreerder_projectprestaties( id, personeelsnummer, aantal_uren, datum, opmerking_uren, kosten, beschrijving_kosten ) VALUES ( 'ubzqmdn1', 'r2730240', 7, '2017-03-21', null, null, null);
INSERT INTO groep_64.registreerder_projectprestaties( id, personeelsnummer, aantal_uren, datum, opmerking_uren, kosten, beschrijving_kosten ) VALUES ( 'ubzqmdn1', 'r2730240', 7, '2017-03-22', null, 70.65, 'Deze aankoop was noodzakelijk voor het uitvoeren van het project');
INSERT INTO groep_64.registreerder_projectprestaties( id, personeelsnummer, aantal_uren, datum, opmerking_uren, kosten, beschrijving_kosten ) VALUES ( 'ubzqmdn1', 'r2730240', 7, '2017-03-23', null, null, null);
INSERT INTO groep_64.registreerder_projectprestaties( id, personeelsnummer, aantal_uren, datum, opmerking_uren, kosten, beschrijving_kosten ) VALUES ( 'ubzqmdn1', 'r4292900', 7, '2017-03-27', 'Vandaag meer gewerkt dan verwacht', null, null);
INSERT INTO groep_64.registreerder_projectprestaties( id, personeelsnummer, aantal_uren, datum, opmerking_uren, kosten, beschrijving_kosten ) VALUES ( 'ubzqmdn1', 'r4292900', 8, '2017-03-28', null, 20.50, 'Deze aankoop was noodzakelijk voor het uitvoeren van het project');
INSERT INTO groep_64.registreerder_projectprestaties( id, personeelsnummer, aantal_uren, datum, opmerking_uren, kosten, beschrijving_kosten ) VALUES ( 'ubzqmdn1', 'r4292900', 6, '2017-03-29', null, null, null);
INSERT INTO groep_64.registreerder_projectprestaties( id, personeelsnummer, aantal_uren, datum, opmerking_uren, kosten, beschrijving_kosten ) VALUES ( 'ubzqmdn1', 'r4292900', 6, '2017-03-30', 'Vandaag minder gewerkt dan verwacht', null, null);
INSERT INTO groep_64.registreerder_projectprestaties( id, personeelsnummer, aantal_uren, datum, opmerking_uren, kosten, beschrijving_kosten ) VALUES ( 'ubzqmdn1', 'r4292900', 8, '2017-03-31', null, 33.90, 'Deze aankoop was noodzakelijk voor het uitvoeren van het project');
INSERT INTO groep_64.registreerder_projectprestaties( id, personeelsnummer, aantal_uren, datum, opmerking_uren, kosten, beschrijving_kosten ) VALUES ( 'ubzqmdn1', 'r2730240', 7, '2017-04-03', null, null, null);
INSERT INTO groep_64.registreerder_projectprestaties( id, personeelsnummer, aantal_uren, datum, opmerking_uren, kosten, beschrijving_kosten ) VALUES ( 'ubzqmdn1', 'r2730240', 8, '2017-04-04', 'Vandaag overuren gedraaid', 60.45, 'Deze aankoop was noodzakelijk voor het uitvoeren van het project');
INSERT INTO groep_64.registreerder_projectprestaties( id, personeelsnummer, aantal_uren, datum, opmerking_uren, kosten, beschrijving_kosten ) VALUES ( 'ubzqmdn1', 'r2730240', 7, '2017-04-05', null, null, null);
INSERT INTO groep_64.registreerder_projectprestaties( id, personeelsnummer, aantal_uren, datum, opmerking_uren, kosten, beschrijving_kosten ) VALUES ( 'ubzqmdn1', 'r4292900', 7, '2017-04-10', null, 14.80, 'Deze aankoop was noodzakelijk voor het uitvoeren van het project');
INSERT INTO groep_64.registreerder_projectprestaties( id, personeelsnummer, aantal_uren, datum, opmerking_uren, kosten, beschrijving_kosten ) VALUES ( 'ubzqmdn1', 'r4292900', 7, '2017-04-11', 'Vandaag meer gewerkt dan verwacht', null, null);
INSERT INTO groep_64.registreerder_projectprestaties( id, personeelsnummer, aantal_uren, datum, opmerking_uren, kosten, beschrijving_kosten ) VALUES ( 'ubzqmdn1', 'r4292900', 6, '2017-04-12', null, null, null);
INSERT INTO groep_64.registreerder_projectprestaties( id, personeelsnummer, aantal_uren, datum, opmerking_uren, kosten, beschrijving_kosten ) VALUES ( 'ubzqmdn1', 'r6842901', 8, '2017-03-20', null, 24.70, 'Deze aankoop was noodzakelijk voor het uitvoeren van het project');
INSERT INTO groep_64.registreerder_projectprestaties( id, personeelsnummer, aantal_uren, datum, opmerking_uren, kosten, beschrijving_kosten ) VALUES ( 'ubzqmdn1', 'r6842901', 8, '2017-03-21', 'Vandaag overuren gedraaid', null, null);
INSERT INTO groep_64.registreerder_projectprestaties( id, personeelsnummer, aantal_uren, datum, opmerking_uren, kosten, beschrijving_kosten ) VALUES ( 'ubzqmdn1', 'r6842901', 7, '2017-03-22', null, null, null);
INSERT INTO groep_64.registreerder_projectprestaties( id, personeelsnummer, aantal_uren, datum, opmerking_uren, kosten, beschrijving_kosten ) VALUES ( 'ubzqmdn1', 'r6842901', 8, '2017-03-23', null, 39.55, 'Deze aankoop was noodzakelijk voor het uitvoeren van het project');
INSERT INTO groep_64.registreerder_projectprestaties( id, personeelsnummer, aantal_uren, datum, opmerking_uren, kosten, beschrijving_kosten ) VALUES ( 'ubzqmdn1', 'r0483942', 8, '2017-03-27', 'Vandaag overuren gedraaid', null, null);
INSERT INTO groep_64.registreerder_projectprestaties( id, personeelsnummer, aantal_uren, datum, opmerking_uren, kosten, beschrijving_kosten ) VALUES ( 'ubzqmdn1', 'r0483942', 8, '2017-03-28', 'Vandaag overuren gedraaid', 50.75, 'Deze aankoop was noodzakelijk voor het uitvoeren van het project');
INSERT INTO groep_64.registreerder_projectprestaties( id, personeelsnummer, aantal_uren, datum, opmerking_uren, kosten, beschrijving_kosten ) VALUES ( 'ubzqmdn1', 'r0483942', 8, '2017-03-29', null, null, null);
INSERT INTO groep_64.registreerder_projectprestaties( id, personeelsnummer, aantal_uren, datum, opmerking_uren, kosten, beschrijving_kosten ) VALUES ( 'ubzqmdn1', 'r0483942', 8, '2017-03-30', null, null, null);
INSERT INTO groep_64.registreerder_projectprestaties( id, personeelsnummer, aantal_uren, datum, opmerking_uren, kosten, beschrijving_kosten ) VALUES ( 'ubzqmdn1', 'r0483942', 8, '2017-03-31', null, null, null);
INSERT INTO groep_64.registreerder_projectprestaties( id, personeelsnummer, aantal_uren, datum, opmerking_uren, kosten, beschrijving_kosten ) VALUES ( 'ndcjje2l', 'r3824842', 6, '2015-06-15', 'Vandaag minder gewerkt dan verwacht', null, null);
INSERT INTO groep_64.registreerder_projectprestaties( id, personeelsnummer, aantal_uren, datum, opmerking_uren, kosten, beschrijving_kosten ) VALUES ( 'ndcjje2l', 'r3824842', 7, '2015-06-16', null, 110.60, 'Deze aankoop was noodzakelijk voor het uitvoeren van het project');
INSERT INTO groep_64.registreerder_projectprestaties( id, personeelsnummer, aantal_uren, datum, opmerking_uren, kosten, beschrijving_kosten ) VALUES ( 'ndcjje2l', 'r3824842', 8, '2015-06-17', 'Vandaag overuren gedraaid', null, null);
INSERT INTO groep_64.registreerder_projectprestaties( id, personeelsnummer, aantal_uren, datum, opmerking_uren, kosten, beschrijving_kosten ) VALUES ( 'ndcjje2l', 'r3824842', 7, '2015-06-18', null, null, null);
INSERT INTO groep_64.registreerder_projectprestaties( id, personeelsnummer, aantal_uren, datum, opmerking_uren, kosten, beschrijving_kosten ) VALUES ( 'ndcjje2l', 'r3824842', 6, '2015-06-22', null, 20.15, 'Deze aankoop was noodzakelijk voor het uitvoeren van het project');
INSERT INTO groep_64.registreerder_projectprestaties( id, personeelsnummer, aantal_uren, datum, opmerking_uren, kosten, beschrijving_kosten ) VALUES ( 'ndcjje2l', 'r3824842', 7, '2015-06-23', null, null, null);
INSERT INTO groep_64.registreerder_projectprestaties( id, personeelsnummer, aantal_uren, datum, opmerking_uren, kosten, beschrijving_kosten ) VALUES ( 'ndcjje2l', 'r3824842', 7, '2015-06-24', null, null, null);
INSERT INTO groep_64.registreerder_projectprestaties( id, personeelsnummer, aantal_uren, datum, opmerking_uren, kosten, beschrijving_kosten ) VALUES ( 'ndcjje2l', 'r3824842', 7, '2015-06-25', 'Vandaag meer gewerkt dan verwacht', 18.50, 'Deze aankoop was noodzakelijk voor het uitvoeren van het project');
INSERT INTO groep_64.registreerder_projectprestaties( id, personeelsnummer, aantal_uren, datum, opmerking_uren, kosten, beschrijving_kosten ) VALUES ( 'ndcjje2l', 'r3824842', 7, '2015-06-29', null, null, null);
INSERT INTO groep_64.registreerder_projectprestaties( id, personeelsnummer, aantal_uren, datum, opmerking_uren, kosten, beschrijving_kosten ) VALUES ( 'ndcjje2l', 'r3824842', 7, '2015-06-30', null, 41.65, 'Deze aankoop was noodzakelijk voor het uitvoeren van het project');
INSERT INTO groep_64.registreerder_projectprestaties( id, personeelsnummer, aantal_uren, datum, opmerking_uren, kosten, beschrijving_kosten ) VALUES ( 'ndcjje2l', 'r3824842', 7, '2015-07-01', null, null, null);
INSERT INTO groep_64.registreerder_projectprestaties( id, personeelsnummer, aantal_uren, datum, opmerking_uren, kosten, beschrijving_kosten ) VALUES ( 'ndcjje2l', 'r3824842', 7, '2015-07-02', 'Vandaag meer gewerkt dan verwacht', 5.10, 'Deze aankoop was noodzakelijk voor het uitvoeren van het project');
INSERT INTO groep_64.registreerder_projectprestaties( id, personeelsnummer, aantal_uren, datum, opmerking_uren, kosten, beschrijving_kosten ) VALUES ( 'ndcjje2l', 'r8472481', 6, '2015-06-15', 'Vandaag minder gewerkt dan verwacht', null, null);
INSERT INTO groep_64.registreerder_projectprestaties( id, personeelsnummer, aantal_uren, datum, opmerking_uren, kosten, beschrijving_kosten ) VALUES ( 'ndcjje2l', 'r8472481', 7, '2015-06-16', null, 48.10, 'Deze aankoop was noodzakelijk voor het uitvoeren van het project');
INSERT INTO groep_64.registreerder_projectprestaties( id, personeelsnummer, aantal_uren, datum, opmerking_uren, kosten, beschrijving_kosten ) VALUES ( 'ndcjje2l', 'r8472481', 7, '2015-06-17', 'Vandaag meer gewerkt dan verwacht', 23.85, 'Deze aankoop was noodzakelijk voor het uitvoeren van het project');
INSERT INTO groep_64.registreerder_projectprestaties( id, personeelsnummer, aantal_uren, datum, opmerking_uren, kosten, beschrijving_kosten ) VALUES ( 'ndcjje2l', 'r8472481', 6, '2015-06-18', null, null, null);
INSERT INTO groep_64.registreerder_projectprestaties( id, personeelsnummer, aantal_uren, datum, opmerking_uren, kosten, beschrijving_kosten ) VALUES ( 'ndcjje2l', 'r8472481', 6, '2015-06-22', null, 10.50, 'Deze aankoop was noodzakelijk voor het uitvoeren van het project');
INSERT INTO groep_64.registreerder_projectprestaties( id, personeelsnummer, aantal_uren, datum, opmerking_uren, kosten, beschrijving_kosten ) VALUES ( 'ndcjje2l', 'r8472481', 8, '2015-06-23', null, 9.55, 'Deze aankoop was noodzakelijk voor het uitvoeren van het project');
INSERT INTO groep_64.registreerder_projectprestaties( id, personeelsnummer, aantal_uren, datum, opmerking_uren, kosten, beschrijving_kosten ) VALUES ( 'ndcjje2l', 'r8472481', 7, '2015-06-24', null, null, null);
INSERT INTO groep_64.registreerder_projectprestaties( id, personeelsnummer, aantal_uren, datum, opmerking_uren, kosten, beschrijving_kosten ) VALUES ( 'ndcjje2l', 'r8472481', 7, '2015-06-25', null, null, null);
INSERT INTO groep_64.registreerder_projectprestaties( id, personeelsnummer, aantal_uren, datum, opmerking_uren, kosten, beschrijving_kosten ) VALUES ( 'ndcjje2l', 'r2424000', 8, '2015-06-15', 'Vandaag overuren gedraaid', 30.70, 'Deze aankoop was noodzakelijk voor het uitvoeren van het project');
INSERT INTO groep_64.registreerder_projectprestaties( id, personeelsnummer, aantal_uren, datum, opmerking_uren, kosten, beschrijving_kosten ) VALUES ( 'ndcjje2l', 'r2424000', 8, '2015-06-16', null, null, null);
INSERT INTO groep_64.registreerder_projectprestaties( id, personeelsnummer, aantal_uren, datum, opmerking_uren, kosten, beschrijving_kosten ) VALUES ( 'ndcjje2l', 'r2424000', 8, '2015-06-17', null, null, null);
INSERT INTO groep_64.registreerder_projectprestaties( id, personeelsnummer, aantal_uren, datum, opmerking_uren, kosten, beschrijving_kosten ) VALUES ( 'ndcjje2l', 'r2424000', 8, '2015-06-18', 'Vandaag overuren gedraaid', 25.80, 'Deze aankoop was noodzakelijk voor het uitvoeren van het project');
INSERT INTO groep_64.registreerder_projectprestaties( id, personeelsnummer, aantal_uren, datum, opmerking_uren, kosten, beschrijving_kosten ) VALUES ( 'ndcjje2l', 'r2424000', 7, '2015-06-22', 'Vandaag meer gewerkt dan verwacht', null, null);
INSERT INTO groep_64.registreerder_projectprestaties( id, personeelsnummer, aantal_uren, datum, opmerking_uren, kosten, beschrijving_kosten ) VALUES ( 'ndcjje2l', 'r2424000', 8, '2015-06-23', null, 36.70, 'Deze aankoop was noodzakelijk voor het uitvoeren van het project');
INSERT INTO groep_64.registreerder_projectprestaties( id, personeelsnummer, aantal_uren, datum, opmerking_uren, kosten, beschrijving_kosten ) VALUES ( 'ndcjje2l', 'r2424000', 6, '2015-06-24', 'Vandaag minder gewerkt dan verwacht', null, null);
INSERT INTO groep_64.registreerder_projectprestaties( id, personeelsnummer, aantal_uren, datum, opmerking_uren, kosten, beschrijving_kosten ) VALUES ( 'ndcjje2l', 'r2424000', 6, '2015-06-25', null, null, null);
INSERT INTO groep_64.registreerder_projectprestaties( id, personeelsnummer, aantal_uren, datum, opmerking_uren, kosten, beschrijving_kosten ) VALUES ( 'ndcjje2l', 'r2424000', 8, '2015-06-26', 'Vandaag overuren gedraaid', 27.85, 'Deze aankoop was noodzakelijk voor het uitvoeren van het project');
INSERT INTO groep_64.relatiebeheerder( personeelsnummer, naam_klant ) VALUES ( 'r8373823', 'NMBS');
INSERT INTO groep_64.relatiebeheerder( personeelsnummer, naam_klant ) VALUES ( 'r3810593', 'VDAB');
INSERT INTO groep_64.relatiebeheerder( personeelsnummer, naam_klant ) VALUES ( 'r0849473', 'VDAB');
INSERT INTO groep_64.relatiebeheerder( personeelsnummer, naam_klant ) VALUES ( 'r6830472', 'Bakkerij Van Laer');
INSERT INTO groep_64.relatiebeheerder( personeelsnummer, naam_klant ) VALUES ( 'r5730582', 'De Lijn');
INSERT INTO groep_64.relatiebeheerder( personeelsnummer, naam_klant ) VALUES ( 'r3810593', 'Colruyt');
INSERT INTO groep_64.statusveranderaar( personeelsnummer, id, datum, tijdstip, opmerking, nieuwe_status ) VALUES ( 'r9473847', '3jgf54au', '2015-09-28', '14:09:00', 'Het project lijkt op alle vlakken haalbaar te zijn', 'accepted');
INSERT INTO groep_64.statusveranderaar( personeelsnummer, id, datum, tijdstip, opmerking, nieuwe_status ) VALUES ( 'r7492058', 'ejrmg9k0', '2017-07-30', '17:54:00', 'Het project lijkt op alle vlakken haalbaar te zijn', 'accepted');
INSERT INTO groep_64.statusveranderaar( personeelsnummer, id, datum, tijdstip, opmerking, nieuwe_status ) VALUES ( 'r7390462', 'bk6tdyom', '2022-08-01', '11:51:00', 'Het project lijkt nog niet meteen op alle vlakken haalbaar te zijn', 'pending');
INSERT INTO groep_64.statusveranderaar( personeelsnummer, id, datum, tijdstip, opmerking, nieuwe_status ) VALUES ( 'r7390462', 'bk6tdyom', '2022-08-04', '11:20:00', 'Het project lijkt toch op alle vlakken haalbaar te zijn', 'accepted');
INSERT INTO groep_64.statusveranderaar( personeelsnummer, id, datum, tijdstip, opmerking, nieuwe_status ) VALUES ( 'r5739321', 'rzlvuvpf', '2022-11-25', '13:09:00', 'Het project lijkt nog niet meteen op alle vlakken haalbaar te zijn', 'pending');
INSERT INTO groep_64.statusveranderaar( personeelsnummer, id, datum, tijdstip, opmerking, nieuwe_status ) VALUES ( 'r9403076', 'mywu9vho', '2014-01-04', '10:45:00', 'Het project is niet op alle vlakken haalbaar', 'rejected');
INSERT INTO groep_64.statusveranderaar( personeelsnummer, id, datum, tijdstip, opmerking, nieuwe_status ) VALUES ( 'r2730240', '1o8fmb9o', '2015-10-26', '17:31:00', 'Het project lijkt op alle vlakken haalbaar te zijn', 'accepted');
INSERT INTO groep_64.statusveranderaar( personeelsnummer, id, datum, tijdstip, opmerking, nieuwe_status ) VALUES ( 'r2488494', 'rbq8gi40', '2022-04-26', '19:23:00', 'Het project lijkt nog niet meteen op alle vlakken haalbaar te zijn', 'pending');
INSERT INTO groep_64.statusveranderaar( personeelsnummer, id, datum, tijdstip, opmerking, nieuwe_status ) VALUES ( 'r2488494', 'rbq8gi40', '2022-04-28', '14:43:00', 'Het project lijkt toch op alle vlakken haalbaar te zijn', 'accepted');
INSERT INTO groep_64.statusveranderaar( personeelsnummer, id, datum, tijdstip, opmerking, nieuwe_status ) VALUES ( 'r4292900', 'c0viskp1', '2016-04-20', '14:44:00', 'Het project lijkt op alle vlakken haalbaar te zijn', 'accepted');
INSERT INTO groep_64.statusveranderaar( personeelsnummer, id, datum, tijdstip, opmerking, nieuwe_status ) VALUES ( 'r7949411', '1adu6cqb', '2014-09-19', '12:20:00', 'Het project lijkt op alle vlakken haalbaar te zijn', 'accepted');
INSERT INTO groep_64.statusveranderaar( personeelsnummer, id, datum, tijdstip, opmerking, nieuwe_status ) VALUES ( 'r6842901', '1ykebs43', '2020-05-21', '11:31:00', 'Het project lijkt op alle vlakken haalbaar te zijn', 'accepted');
INSERT INTO groep_64.statusveranderaar( personeelsnummer, id, datum, tijdstip, opmerking, nieuwe_status ) VALUES ( 'r7480472', 'g7ve3bvi', '2020-05-25', '18:12:00', 'Het project lijkt nog niet meteen op alle vlakken haalbaar te zijn', 'pending');
INSERT INTO groep_64.statusveranderaar( personeelsnummer, id, datum, tijdstip, opmerking, nieuwe_status ) VALUES ( 'r7480472', 'g7ve3bvi', '2020-09-29', '12:45:00', 'Het project lijkt toch op alle vlakken haalbaar te zijn', 'accepted');
INSERT INTO groep_64.statusveranderaar( personeelsnummer, id, datum, tijdstip, opmerking, nieuwe_status ) VALUES ( 'r4829493', 'z6pp3zmr', '2022-08-02', '10:02:00', 'Het project lijkt op alle vlakken haalbaar te zijn', 'accepted');
INSERT INTO groep_64.statusveranderaar( personeelsnummer, id, datum, tijdstip, opmerking, nieuwe_status ) VALUES ( 'r0483942', 'lxsnuz25', '2021-11-16', '09:56:00', 'Het project lijkt op alle vlakken haalbaar te zijn', 'accepted');
INSERT INTO groep_64.statusveranderaar( personeelsnummer, id, datum, tijdstip, opmerking, nieuwe_status ) VALUES ( 'r1949503', 'ijs27m9g', '2020-04-22', '12:34:00', 'Het project lijkt nog niet meteen op alle vlakken haalbaar te zijn', 'pending');
INSERT INTO groep_64.statusveranderaar( personeelsnummer, id, datum, tijdstip, opmerking, nieuwe_status ) VALUES ( 'r1949503', 'ijs27m9g', '2020-04-23', '19:04:00', 'Het project lijkt toch op alle vlakken haalbaar te zijn', 'accepted');
INSERT INTO groep_64.statusveranderaar( personeelsnummer, id, datum, tijdstip, opmerking, nieuwe_status ) VALUES ( 'r3824842', '8k3a4j0s', '2021-08-12', '13:51:00', 'Het project lijkt op alle vlakken haalbaar te zijn', 'accepted');
INSERT INTO groep_64.statusveranderaar( personeelsnummer, id, datum, tijdstip, opmerking, nieuwe_status ) VALUES ( 'r0038998', '7cdt5p9q', '2022-11-24', '15:29:00', 'Het project lijkt nog niet meteen op alle vlakken haalbaar te zijn', 'pending');
INSERT INTO groep_64.statusveranderaar( personeelsnummer, id, datum, tijdstip, opmerking, nieuwe_status ) VALUES ( 'r8472481', 'ubzqmdn1', '2017-01-21', '16:30:00', 'Het project lijkt op alle vlakken haalbaar te zijn', 'accepted');
INSERT INTO groep_64.statusveranderaar( personeelsnummer, id, datum, tijdstip, opmerking, nieuwe_status ) VALUES ( 'r6839555', 'ndcjje2l', '2015-05-06', '14:03:00', 'Het project lijkt nog niet meteen op alle vlakken haalbaar te zijn', 'pending');
INSERT INTO groep_64.statusveranderaar( personeelsnummer, id, datum, tijdstip, opmerking, nieuwe_status ) VALUES ( 'r6839555', 'ndcjje2l', '2015-05-08', '15:33:00', 'Het project lijkt toch op alle vlakken haalbaar te zijn', 'accepted');
INSERT INTO groep_64.statusveranderaar( personeelsnummer, id, datum, tijdstip, opmerking, nieuwe_status ) VALUES ( 'r2424000', 'ary7d6tr', '2022-06-18', '17:31:00', 'Het project lijkt nog niet meteen op alle vlakken haalbaar te zijn', 'pending');
INSERT INTO groep_64.statusveranderaar( personeelsnummer, id, datum, tijdstip, opmerking, nieuwe_status ) VALUES ( 'r2424000', 'ary7d6tr', '2022-06-20', '17:31:00', 'Het project is inderdaad niet op alle vlakken haalbaar', 'rejected');
INSERT INTO groep_64.taak( typenaam, id, geschatte_onkosten, geschat_aantal_uren, taak_id, rate_id ) VALUES ( 'Uitwerken van media', '3jgf54au', 140.75, 60, '45bhth7d', '16U');
INSERT INTO groep_64.taak( typenaam, id, geschatte_onkosten, geschat_aantal_uren, taak_id, rate_id ) VALUES ( 'Leveren van expertise', 'ejrmg9k0', 175.20, 82, '0ykktad6', '18L');
INSERT INTO groep_64.taak( typenaam, id, geschatte_onkosten, geschat_aantal_uren, taak_id, rate_id ) VALUES ( 'Uitwerken van media', 'bk6tdyom', 101.10, 64, 'w2djrglf', '22U');
INSERT INTO groep_64.taak( typenaam, id, geschatte_onkosten, geschat_aantal_uren, taak_id, rate_id ) VALUES ( 'Uitwerken van media', '1o8fmb9o', 90.60, 82, 'nshlbaje', '15U');
INSERT INTO groep_64.taak( typenaam, id, geschatte_onkosten, geschat_aantal_uren, taak_id, rate_id ) VALUES ( 'Leveren van expertise', '1o8fmb9o', 134.80, 48, 'lqze8czd', '15L');
INSERT INTO groep_64.taak( typenaam, id, geschatte_onkosten, geschat_aantal_uren, taak_id, rate_id ) VALUES ( 'Coachen en begeleiden', '1o8fmb9o', 156.10, 57, 'jmb4pur6', '15C');
INSERT INTO groep_64.taak( typenaam, id, geschatte_onkosten, geschat_aantal_uren, taak_id, rate_id ) VALUES ( 'Uitwerken van media', 'rbq8gi40', 143.05, 92, 'auin5jw7', '16U');
INSERT INTO groep_64.taak( typenaam, id, geschatte_onkosten, geschat_aantal_uren, taak_id, rate_id ) VALUES ( 'Coachen en begeleiden', '1adu6cqb', 120.90, 76, 'eiv5iit3', '14C');
INSERT INTO groep_64.taak( typenaam, id, geschatte_onkosten, geschat_aantal_uren, taak_id, rate_id ) VALUES ( 'Uitwerken van media', '1ykebs43', 167.75, 72, 'oc3jrkr8', '20U');
INSERT INTO groep_64.taak( typenaam, id, geschatte_onkosten, geschat_aantal_uren, taak_id, rate_id ) VALUES ( 'Leveren van expertise', 'g7ve3bvi', 130.45, 56, 'szi1x4a7', '20L');
INSERT INTO groep_64.taak( typenaam, id, geschatte_onkosten, geschat_aantal_uren, taak_id, rate_id ) VALUES ( 'Coachen en begeleiden', 'g7ve3bvi', 123.50, 49, '1dd1ht2w', '20C');
INSERT INTO groep_64.taak( typenaam, id, geschatte_onkosten, geschat_aantal_uren, taak_id, rate_id ) VALUES ( 'Uitwerken van media', 'z6pp3zmr', 180.60, 85, 'zf0qe6xj', '21U');
INSERT INTO groep_64.taak( typenaam, id, geschatte_onkosten, geschat_aantal_uren, taak_id, rate_id ) VALUES ( 'Coachen en begeleiden', 'z6pp3zmr', 76.40, 54, 'q53zjp3a', '21C');
INSERT INTO groep_64.taak( typenaam, id, geschatte_onkosten, geschat_aantal_uren, taak_id, rate_id ) VALUES ( 'Leveren van expertise', 'z6pp3zmr', 89.50, 58, '51xthytv', '21L');
INSERT INTO groep_64.taak( typenaam, id, geschatte_onkosten, geschat_aantal_uren, taak_id, rate_id ) VALUES ( 'Coachen en begeleiden', 'lxsnuz25', 84.90, 67, 'ljybifkn', '21C');
INSERT INTO groep_64.taak( typenaam, id, geschatte_onkosten, geschat_aantal_uren, taak_id, rate_id ) VALUES ( 'Uitwerken van media', 'ijs27m9g', 92.25, 62, 'ueuhdsdd', '20U');
INSERT INTO groep_64.taak( typenaam, id, geschatte_onkosten, geschat_aantal_uren, taak_id, rate_id ) VALUES ( 'Leveren van expertise', '8k3a4j0s', 109.80, 50, 'z1f1t9oq', '21L');
INSERT INTO groep_64.taak( typenaam, id, geschatte_onkosten, geschat_aantal_uren, taak_id, rate_id ) VALUES ( 'Uitwerken van media', 'ubzqmdn1', 190.60, 105, 'njip0rto', '17U');
INSERT INTO groep_64.taak( typenaam, id, geschatte_onkosten, geschat_aantal_uren, taak_id, rate_id ) VALUES ( 'Coachen en begeleiden', 'ubzqmdn1', 115.50, 71, 'p4ioz8x0', '17C');
INSERT INTO groep_64.taak( typenaam, id, geschatte_onkosten, geschat_aantal_uren, taak_id, rate_id ) VALUES ( 'Uitwerken van media', 'ndcjje2l', 170.75, 83, 'nymfalc2', '15U');
INSERT INTO groep_64.taak( typenaam, id, geschatte_onkosten, geschat_aantal_uren, taak_id, rate_id ) VALUES ( 'Coachen en begeleiden', 'ndcjje2l', 97.25, 54, '4lk4ydo4', '15C');
INSERT INTO groep_64.taak( typenaam, id, geschatte_onkosten, geschat_aantal_uren, taak_id, rate_id ) VALUES ( 'Leveren van expertise', 'ndcjje2l', 95.20, 67, 'a5bjrnv8', '15L');
INSERT INTO groep_64.utm_media_archive_item( naam, id, beschrijving, datum_upload, bestandstype, bestandsgrootte_bytes, url, vertrouwelijk ) VALUES ( 'Globaal promotiefilmpje UCLL', '3jgf54au', 'Eindresultaat van het project in de vorm van een promotiefilmpje voor de hogeschool UCLL', '2015-11-01', 'video', 48384, 'https://brother.example.com/', false);
INSERT INTO groep_64.utm_media_archive_item( naam, id, beschrijving, datum_upload, bestandstype, bestandsgrootte_bytes, url, vertrouwelijk ) VALUES ( 'Video Opleiding PBA MZ', '1o8fmb9o', 'Deel van eindresultaat van het project in de vorm van een informatieve video over de opleiding mondzorg in het departement Geneeskunde van de UCLL', '2016-03-29', 'video', 53921, 'http://www.example.com/', false);
INSERT INTO groep_64.utm_media_archive_item( naam, id, beschrijving, datum_upload, bestandstype, bestandsgrootte_bytes, url, vertrouwelijk ) VALUES ( 'Informatief filmpje Opleiding PBA TI', 'rbq8gi40', 'Eindresultaat van het project in de vorm van een informatief en inleiding filmpje voor de opleiding PBA Toegepaste Informatica van de hogeschool UCLL', '2016-12-05', 'video', 72929, 'https://birthday.example.com/', false);
INSERT INTO groep_64.utm_media_archive_item( naam, id, beschrijving, datum_upload, bestandstype, bestandsgrootte_bytes, url, vertrouwelijk ) VALUES ( 'PostGreSQL Database VDAB-locaties', 'z6pp3zmr', 'Eindresultaat van het project in de vorm van een volledige en gevulde database omtrent de verschillende locaties en contactmogelijkheden van het bedrijf VDAB', '2022-04-23', 'database', 1094821, 'https://www.example.com/baseball?birthday=box&agreement=belief#ball', true);
INSERT INTO groep_64.utm_media_archive_item( naam, id, beschrijving, datum_upload, bestandstype, bestandsgrootte_bytes, url, vertrouwelijk ) VALUES ( 'Template Krantenadvertentie Bakkerij Van Laer', 'ijs27m9g', 'Eindresultaat van het project in de vorm van een template document met mooie en verzorgde layout dat gebruikt kan worden als krantenartikel voor Bakkerij Van Laer', '2022-11-10', 'document', 10382, 'http://www.example.net/', true);
INSERT INTO groep_64.utm_media_archive_item( naam, id, beschrijving, datum_upload, bestandstype, bestandsgrootte_bytes, url, vertrouwelijk ) VALUES ( 'Eindresultaat TV-spotje Colruyt-keten', 'ndcjje2l', 'Eindresultaat van het project in de vorm van een reclamespotje dat op televisie kan uitgezonden door de Colruyt-keten', '2015-12-14', 'video', 56382, 'http://www.example.net/bit.php', true);
INSERT INTO groep_64.utm_media_archive_item( naam, id, beschrijving, datum_upload, bestandstype, bestandsgrootte_bytes, url, vertrouwelijk ) VALUES ( 'Video Opleiding PBA VK', '1o8fmb9o', 'Deel van eindresultaat van het project in de vorm van een informatieve video over de opleiding verpleegkunde in het departement Geneeskunde van de UCLL', '2016-03-29', 'video', 49294, 'https://behavior.example.com/', false);
INSERT INTO groep_64.utm_media_archive_item( naam, id, beschrijving, datum_upload, bestandstype, bestandsgrootte_bytes, url, vertrouwelijk ) VALUES ( 'Video Opleiding PBA VRK', '1o8fmb9o', 'Deel van eindresultaat van het project in de vorm van een informatieve video over de opleiding vroedkunde in het departement Geneeskunde van de UCLL', '2016-03-29', 'video', 63339, 'http://www.example.edu/bike/beef', false);
INSERT INTO groep_64.utm_media_archive_item( naam, id, beschrijving, datum_upload, bestandstype, bestandsgrootte_bytes, url, vertrouwelijk ) VALUES ( 'Day-In-The-Life-Of-Kleuterleerkracht-Video Opleiding PBA KO', '1adu6cqb', 'Eindresultaat van het project in de vorm van een educatief filmpje over het dagelijks leven van een kleuterleerkracht voor de opleiding PBA Kleuteronderwijs van de hogeschool UCLL', '2015-06-17', 'video', 58282, 'https://birth.example.com/', true);
INSERT INTO groep_64.ingeplande_medewerker_taak( taak_id, personeelsnummer, week, aantal_uren ) VALUES ( '45bhth7d', 'r9473847', '2015-11-02', 30);
INSERT INTO groep_64.ingeplande_medewerker_taak( taak_id, personeelsnummer, week, aantal_uren ) VALUES ( '45bhth7d', 'r9473847', '2015-11-09', 30);
INSERT INTO groep_64.ingeplande_medewerker_taak( taak_id, personeelsnummer, week, aantal_uren ) VALUES ( '0ykktad6', 'r7492058', '2017-09-18', 27);
INSERT INTO groep_64.ingeplande_medewerker_taak( taak_id, personeelsnummer, week, aantal_uren ) VALUES ( '0ykktad6', 'r7492058', '2017-09-25', 27);
INSERT INTO groep_64.ingeplande_medewerker_taak( taak_id, personeelsnummer, week, aantal_uren ) VALUES ( '0ykktad6', 'r7492058', '2017-10-02', 28);
INSERT INTO groep_64.ingeplande_medewerker_taak( taak_id, personeelsnummer, week, aantal_uren ) VALUES ( 'w2djrglf', 'r7390462', '2022-11-14', 10);
INSERT INTO groep_64.ingeplande_medewerker_taak( taak_id, personeelsnummer, week, aantal_uren ) VALUES ( 'w2djrglf', 'r7390462', '2022-11-21', 11);
INSERT INTO groep_64.ingeplande_medewerker_taak( taak_id, personeelsnummer, week, aantal_uren ) VALUES ( 'w2djrglf', 'r7390462', '2022-12-12', 5);
INSERT INTO groep_64.ingeplande_medewerker_taak( taak_id, personeelsnummer, week, aantal_uren ) VALUES ( 'w2djrglf', 'r7390462', '2022-12-19', 6);
INSERT INTO groep_64.ingeplande_medewerker_taak( taak_id, personeelsnummer, week, aantal_uren ) VALUES ( 'w2djrglf', 'r7390462', '2022-12-26', 5);
INSERT INTO groep_64.ingeplande_medewerker_taak( taak_id, personeelsnummer, week, aantal_uren ) VALUES ( 'w2djrglf', 'r7390462', '2023-01-02', 5);
INSERT INTO groep_64.ingeplande_medewerker_taak( taak_id, personeelsnummer, week, aantal_uren ) VALUES ( 'w2djrglf', 'r7390462', '2023-01-09', 11);
INSERT INTO groep_64.ingeplande_medewerker_taak( taak_id, personeelsnummer, week, aantal_uren ) VALUES ( 'w2djrglf', 'r7390462', '2023-01-16', 11);
INSERT INTO groep_64.ingeplande_medewerker_taak( taak_id, personeelsnummer, week, aantal_uren ) VALUES ( 'nshlbaje', 'r5739321', '2015-12-21', 27);
INSERT INTO groep_64.ingeplande_medewerker_taak( taak_id, personeelsnummer, week, aantal_uren ) VALUES ( 'nshlbaje', 'r5739321', '2015-12-28', 27);
INSERT INTO groep_64.ingeplande_medewerker_taak( taak_id, personeelsnummer, week, aantal_uren ) VALUES ( 'nshlbaje', 'r5739321', '2016-01-04', 28);
INSERT INTO groep_64.ingeplande_medewerker_taak( taak_id, personeelsnummer, week, aantal_uren ) VALUES ( 'lqze8czd', 'r9403076', '2015-12-21', 24);
INSERT INTO groep_64.ingeplande_medewerker_taak( taak_id, personeelsnummer, week, aantal_uren ) VALUES ( 'lqze8czd', 'r2730240', '2015-12-28', 24);
INSERT INTO groep_64.ingeplande_medewerker_taak( taak_id, personeelsnummer, week, aantal_uren ) VALUES ( 'jmb4pur6', 'r2488494', '2015-12-21', 19);
INSERT INTO groep_64.ingeplande_medewerker_taak( taak_id, personeelsnummer, week, aantal_uren ) VALUES ( 'jmb4pur6', 'r4292900', '2015-12-28', 20);
INSERT INTO groep_64.ingeplande_medewerker_taak( taak_id, personeelsnummer, week, aantal_uren ) VALUES ( 'jmb4pur6', 'r7949411', '2016-01-04', 18);
INSERT INTO groep_64.ingeplande_medewerker_taak( taak_id, personeelsnummer, week, aantal_uren ) VALUES ( 'auin5jw7', 'r6842901', '2016-06-06', 31);
INSERT INTO groep_64.ingeplande_medewerker_taak( taak_id, personeelsnummer, week, aantal_uren ) VALUES ( 'auin5jw7', 'r6842901', '2016-06-13', 30);
INSERT INTO groep_64.ingeplande_medewerker_taak( taak_id, personeelsnummer, week, aantal_uren ) VALUES ( 'auin5jw7', 'r6842901', '2016-06-20', 31);
INSERT INTO groep_64.ingeplande_medewerker_taak( taak_id, personeelsnummer, week, aantal_uren ) VALUES ( 'eiv5iit3', 'r7480472', '2014-11-10', 39);
INSERT INTO groep_64.ingeplande_medewerker_taak( taak_id, personeelsnummer, week, aantal_uren ) VALUES ( 'eiv5iit3', 'r7480472', '2014-11-17', 37);
INSERT INTO groep_64.ingeplande_medewerker_taak( taak_id, personeelsnummer, week, aantal_uren ) VALUES ( 'oc3jrkr8', 'r2840932', '2020-07-06', 37);
INSERT INTO groep_64.ingeplande_medewerker_taak( taak_id, personeelsnummer, week, aantal_uren ) VALUES ( 'oc3jrkr8', 'r2840932', '2020-07-13', 35);
INSERT INTO groep_64.ingeplande_medewerker_taak( taak_id, personeelsnummer, week, aantal_uren ) VALUES ( 'szi1x4a7', 'r4829493', '2020-11-16', 30);
INSERT INTO groep_64.ingeplande_medewerker_taak( taak_id, personeelsnummer, week, aantal_uren ) VALUES ( 'szi1x4a7', 'r4829493', '2020-11-23', 26);
INSERT INTO groep_64.ingeplande_medewerker_taak( taak_id, personeelsnummer, week, aantal_uren ) VALUES ( '1dd1ht2w', 'r0483942', '2020-11-16', 24);
INSERT INTO groep_64.ingeplande_medewerker_taak( taak_id, personeelsnummer, week, aantal_uren ) VALUES ( '1dd1ht2w', 'r1949503', '2020-11-23', 25);
INSERT INTO groep_64.ingeplande_medewerker_taak( taak_id, personeelsnummer, week, aantal_uren ) VALUES ( 'zf0qe6xj', 'r3824842', '2021-09-06', 28);
INSERT INTO groep_64.ingeplande_medewerker_taak( taak_id, personeelsnummer, week, aantal_uren ) VALUES ( 'zf0qe6xj', 'r0038998', '2021-09-13', 29);
INSERT INTO groep_64.ingeplande_medewerker_taak( taak_id, personeelsnummer, week, aantal_uren ) VALUES ( 'zf0qe6xj', 'r8472481', '2021-09-20', 28);
INSERT INTO groep_64.ingeplande_medewerker_taak( taak_id, personeelsnummer, week, aantal_uren ) VALUES ( 'q53zjp3a', 'r6839555', '2021-09-06', 26);
INSERT INTO groep_64.ingeplande_medewerker_taak( taak_id, personeelsnummer, week, aantal_uren ) VALUES ( 'q53zjp3a', 'r6839555', '2021-09-13', 28);
INSERT INTO groep_64.ingeplande_medewerker_taak( taak_id, personeelsnummer, week, aantal_uren ) VALUES ( '51xthytv', 'r2424000', '2021-09-06', 23);
INSERT INTO groep_64.ingeplande_medewerker_taak( taak_id, personeelsnummer, week, aantal_uren ) VALUES ( '51xthytv', 'r2424000', '2021-09-13', 25);
INSERT INTO groep_64.ingeplande_medewerker_taak( taak_id, personeelsnummer, week, aantal_uren ) VALUES ( 'ljybifkn', 'r7492058', '2021-12-13', 31);
INSERT INTO groep_64.ingeplande_medewerker_taak( taak_id, personeelsnummer, week, aantal_uren ) VALUES ( 'ljybifkn', 'r7492058', '2021-12-20', 36);
INSERT INTO groep_64.ingeplande_medewerker_taak( taak_id, personeelsnummer, week, aantal_uren ) VALUES ( 'ueuhdsdd', 'r9473847', '2020-06-01', 34);
INSERT INTO groep_64.ingeplande_medewerker_taak( taak_id, personeelsnummer, week, aantal_uren ) VALUES ( 'ueuhdsdd', 'r9473847', '2020-06-08', 28);
INSERT INTO groep_64.ingeplande_medewerker_taak( taak_id, personeelsnummer, week, aantal_uren ) VALUES ( 'z1f1t9oq', 'r7390462', '2022-11-14', 8);
INSERT INTO groep_64.ingeplande_medewerker_taak( taak_id, personeelsnummer, week, aantal_uren ) VALUES ( 'z1f1t9oq', 'r7390462', '2022-11-21', 8);
INSERT INTO groep_64.ingeplande_medewerker_taak( taak_id, personeelsnummer, week, aantal_uren ) VALUES ( 'z1f1t9oq', 'r7390462', '2022-12-12', 4);
INSERT INTO groep_64.ingeplande_medewerker_taak( taak_id, personeelsnummer, week, aantal_uren ) VALUES ( 'z1f1t9oq', 'r7390462', '2022-12-19', 4);
INSERT INTO groep_64.ingeplande_medewerker_taak( taak_id, personeelsnummer, week, aantal_uren ) VALUES ( 'z1f1t9oq', 'r7390462', '2022-12-26', 9);
INSERT INTO groep_64.ingeplande_medewerker_taak( taak_id, personeelsnummer, week, aantal_uren ) VALUES ( 'z1f1t9oq', 'r7390462', '2023-01-02', 4);
INSERT INTO groep_64.ingeplande_medewerker_taak( taak_id, personeelsnummer, week, aantal_uren ) VALUES ( 'z1f1t9oq', 'r7390462', '2023-01-09', 4);
INSERT INTO groep_64.ingeplande_medewerker_taak( taak_id, personeelsnummer, week, aantal_uren ) VALUES ( 'z1f1t9oq', 'r7390462', '2023-01-16', 9);
INSERT INTO groep_64.ingeplande_medewerker_taak( taak_id, personeelsnummer, week, aantal_uren ) VALUES ( 'njip0rto', 'r2730240', '2017-03-20', 28);
INSERT INTO groep_64.ingeplande_medewerker_taak( taak_id, personeelsnummer, week, aantal_uren ) VALUES ( 'njip0rto', 'r4292900', '2017-03-27', 35);
INSERT INTO groep_64.ingeplande_medewerker_taak( taak_id, personeelsnummer, week, aantal_uren ) VALUES ( 'njip0rto', 'r2730240', '2017-04-03', 22);
INSERT INTO groep_64.ingeplande_medewerker_taak( taak_id, personeelsnummer, week, aantal_uren ) VALUES ( 'njip0rto', 'r4292900', '2017-04-10', 20);
INSERT INTO groep_64.ingeplande_medewerker_taak( taak_id, personeelsnummer, week, aantal_uren ) VALUES ( 'p4ioz8x0', 'r6842901', '2017-03-20', 31);
INSERT INTO groep_64.ingeplande_medewerker_taak( taak_id, personeelsnummer, week, aantal_uren ) VALUES ( 'p4ioz8x0', 'r0483942', '2017-03-27', 40);
INSERT INTO groep_64.ingeplande_medewerker_taak( taak_id, personeelsnummer, week, aantal_uren ) VALUES ( 'nymfalc2', 'r3824842', '2015-06-15', 28);
INSERT INTO groep_64.ingeplande_medewerker_taak( taak_id, personeelsnummer, week, aantal_uren ) VALUES ( 'nymfalc2', 'r3824842', '2015-06-22', 27);
INSERT INTO groep_64.ingeplande_medewerker_taak( taak_id, personeelsnummer, week, aantal_uren ) VALUES ( 'nymfalc2', 'r3824842', '2015-06-29', 28);
INSERT INTO groep_64.ingeplande_medewerker_taak( taak_id, personeelsnummer, week, aantal_uren ) VALUES ( '4lk4ydo4', 'r8472481', '2015-06-15', 26);
INSERT INTO groep_64.ingeplande_medewerker_taak( taak_id, personeelsnummer, week, aantal_uren ) VALUES ( '4lk4ydo4', 'r8472481', '2015-06-22', 28);
INSERT INTO groep_64.ingeplande_medewerker_taak( taak_id, personeelsnummer, week, aantal_uren ) VALUES ( 'a5bjrnv8', 'r2424000', '2015-06-15', 32);
INSERT INTO groep_64.ingeplande_medewerker_taak( taak_id, personeelsnummer, week, aantal_uren ) VALUES ( 'a5bjrnv8', 'r2424000', '2015-06-22', 35);
INSERT INTO groep_64.label_van_utmma_item( naam, label ) VALUES ( 'Video Opleiding PBA MZ', 'afstandsonderwijs');
INSERT INTO groep_64.label_van_utmma_item( naam, label ) VALUES ( 'Video Opleiding PBA MZ', 'voorbeeld');
INSERT INTO groep_64.label_van_utmma_item( naam, label ) VALUES ( 'Video Opleiding PBA VK', 'afstandsonderwijs');
INSERT INTO groep_64.label_van_utmma_item( naam, label ) VALUES ( 'Video Opleiding PBA VK', 'voorbeeld');
INSERT INTO groep_64.label_van_utmma_item( naam, label ) VALUES ( 'Video Opleiding PBA VRK', 'afstandsonderwijs');
INSERT INTO groep_64.label_van_utmma_item( naam, label ) VALUES ( 'Video Opleiding PBA VRK', 'voorbeeld');
INSERT INTO groep_64.label_van_utmma_item( naam, label ) VALUES ( 'Informatief filmpje Opleiding PBA TI', 'afstandsonderwijs');
INSERT INTO groep_64.label_van_utmma_item( naam, label ) VALUES ( 'Informatief filmpje Opleiding PBA TI', 'voorbeeld');
INSERT INTO groep_64.label_van_utmma_item( naam, label ) VALUES ( 'Day-In-The-Life-Of-Kleuterleerkracht-Video Opleiding PBA KO', 'afstandsonderwijs');
INSERT INTO groep_64.label_van_utmma_item( naam, label ) VALUES ( 'Day-In-The-Life-Of-Kleuterleerkracht-Video Opleiding PBA KO', 'voorbeeld');
INSERT INTO groep_64.label_van_utmma_item( naam, label ) VALUES ( 'Day-In-The-Life-Of-Kleuterleerkracht-Video Opleiding PBA KO', 'extra_materiaal');
INSERT INTO groep_64.label_van_utmma_item( naam, label ) VALUES ( 'PostGreSQL Database VDAB-locaties', 'fysiek_onderwijs');
INSERT INTO groep_64.label_van_utmma_item( naam, label ) VALUES ( 'PostGreSQL Database VDAB-locaties', 'voorbeeld');
INSERT INTO groep_64.label_van_utmma_item( naam, label ) VALUES ( 'PostGreSQL Database VDAB-locaties', 'extra_materiaal');
INSERT INTO groep_64.label_van_utmma_item( naam, label ) VALUES ( 'Template Krantenadvertentie Bakkerij Van Laer', 'voorbeeld');
INSERT INTO groep_64.label_van_utmma_item( naam, label ) VALUES ( 'Eindresultaat TV-spotje Colruyt-keten', 'voorbeeld');
INSERT INTO groep_64.medewerker_in_utmma_item( personeelsnummer, naam ) VALUES ( 'r9473847', 'Globaal promotiefilmpje UCLL');
INSERT INTO groep_64.medewerker_in_utmma_item( personeelsnummer, naam ) VALUES ( 'r6842901', 'Informatief filmpje Opleiding PBA TI');
INSERT INTO groep_64.medewerker_in_utmma_item( personeelsnummer, naam ) VALUES ( 'r3824842', 'PostGreSQL Database VDAB-locaties');
INSERT INTO groep_64.medewerker_in_utmma_item( personeelsnummer, naam ) VALUES ( 'r0038998', 'PostGreSQL Database VDAB-locaties');
INSERT INTO groep_64.medewerker_in_utmma_item( personeelsnummer, naam ) VALUES ( 'r8472481', 'PostGreSQL Database VDAB-locaties');
INSERT INTO groep_64.medewerker_in_utmma_item( personeelsnummer, naam ) VALUES ( 'r6839555', 'PostGreSQL Database VDAB-locaties');
INSERT INTO groep_64.medewerker_in_utmma_item( personeelsnummer, naam ) VALUES ( 'r2424000', 'PostGreSQL Database VDAB-locaties');
INSERT INTO groep_64.medewerker_in_utmma_item( personeelsnummer, naam ) VALUES ( 'r3824842', 'Eindresultaat TV-spotje Colruyt-keten');
INSERT INTO groep_64.medewerker_in_utmma_item( personeelsnummer, naam ) VALUES ( 'r8472481', 'Eindresultaat TV-spotje Colruyt-keten');
INSERT INTO groep_64.medewerker_in_utmma_item( personeelsnummer, naam ) VALUES ( 'r2424000', 'Eindresultaat TV-spotje Colruyt-keten');
INSERT INTO groep_64.medewerker_taak( taak_id, personeelsnummer ) VALUES ( '45bhth7d', 'r9473847');
INSERT INTO groep_64.medewerker_taak( taak_id, personeelsnummer ) VALUES ( '0ykktad6', 'r7492058');
INSERT INTO groep_64.medewerker_taak( taak_id, personeelsnummer ) VALUES ( 'w2djrglf', 'r7390462');
INSERT INTO groep_64.medewerker_taak( taak_id, personeelsnummer ) VALUES ( 'nshlbaje', 'r5739321');
INSERT INTO groep_64.medewerker_taak( taak_id, personeelsnummer ) VALUES ( 'lqze8czd', 'r9403076');
INSERT INTO groep_64.medewerker_taak( taak_id, personeelsnummer ) VALUES ( 'lqze8czd', 'r2730240');
INSERT INTO groep_64.medewerker_taak( taak_id, personeelsnummer ) VALUES ( 'jmb4pur6', 'r2488494');
INSERT INTO groep_64.medewerker_taak( taak_id, personeelsnummer ) VALUES ( 'jmb4pur6', 'r4292900');
INSERT INTO groep_64.medewerker_taak( taak_id, personeelsnummer ) VALUES ( 'jmb4pur6', 'r7949411');
INSERT INTO groep_64.medewerker_taak( taak_id, personeelsnummer ) VALUES ( 'auin5jw7', 'r6842901');
INSERT INTO groep_64.medewerker_taak( taak_id, personeelsnummer ) VALUES ( 'eiv5iit3', 'r7480472');
INSERT INTO groep_64.medewerker_taak( taak_id, personeelsnummer ) VALUES ( 'oc3jrkr8', 'r2840932');
INSERT INTO groep_64.medewerker_taak( taak_id, personeelsnummer ) VALUES ( 'szi1x4a7', 'r4829493');
INSERT INTO groep_64.medewerker_taak( taak_id, personeelsnummer ) VALUES ( '1dd1ht2w', 'r0483942');
INSERT INTO groep_64.medewerker_taak( taak_id, personeelsnummer ) VALUES ( '1dd1ht2w', 'r1949503');
INSERT INTO groep_64.medewerker_taak( taak_id, personeelsnummer ) VALUES ( 'zf0qe6xj', 'r3824842');
INSERT INTO groep_64.medewerker_taak( taak_id, personeelsnummer ) VALUES ( 'zf0qe6xj', 'r0038998');
INSERT INTO groep_64.medewerker_taak( taak_id, personeelsnummer ) VALUES ( 'zf0qe6xj', 'r8472481');
INSERT INTO groep_64.medewerker_taak( taak_id, personeelsnummer ) VALUES ( 'q53zjp3a', 'r6839555');
INSERT INTO groep_64.medewerker_taak( taak_id, personeelsnummer ) VALUES ( '51xthytv', 'r2424000');
INSERT INTO groep_64.medewerker_taak( taak_id, personeelsnummer ) VALUES ( 'ljybifkn', 'r7492058');
INSERT INTO groep_64.medewerker_taak( taak_id, personeelsnummer ) VALUES ( 'ueuhdsdd', 'r9473847');
INSERT INTO groep_64.medewerker_taak( taak_id, personeelsnummer ) VALUES ( 'z1f1t9oq', 'r7390462');
INSERT INTO groep_64.medewerker_taak( taak_id, personeelsnummer ) VALUES ( 'njip0rto', 'r2730240');
INSERT INTO groep_64.medewerker_taak( taak_id, personeelsnummer ) VALUES ( 'njip0rto', 'r4292900');
INSERT INTO groep_64.medewerker_taak( taak_id, personeelsnummer ) VALUES ( 'p4ioz8x0', 'r6842901');
INSERT INTO groep_64.medewerker_taak( taak_id, personeelsnummer ) VALUES ( 'p4ioz8x0', 'r2840932');
INSERT INTO groep_64.medewerker_taak( taak_id, personeelsnummer ) VALUES ( 'p4ioz8x0', 'r0483942');
INSERT INTO groep_64.medewerker_taak( taak_id, personeelsnummer ) VALUES ( 'nymfalc2', 'r3824842');
INSERT INTO groep_64.medewerker_taak( taak_id, personeelsnummer ) VALUES ( '4lk4ydo4', 'r8472481');
INSERT INTO groep_64.medewerker_taak( taak_id, personeelsnummer ) VALUES ( 'a5bjrnv8', 'r2424000');
INSERT INTO groep_64.registreerder_taakprestaties( taak_id, personeelsnummer, aantal_uren, datum, "opmerking-uren", beschrijving_kosten, kosten ) VALUES ( '45bhth7d', 'r9473847', 8, '2015-11-02', 'Vandaag overuren gedraaid', 'Deze aankoop was noodzakelijk voor het uitvoeren van de taak', 60.80);
INSERT INTO groep_64.registreerder_taakprestaties( taak_id, personeelsnummer, aantal_uren, datum, "opmerking-uren", beschrijving_kosten, kosten ) VALUES ( '45bhth7d', 'r9473847', 8, '2015-11-03', null, null, null);
INSERT INTO groep_64.registreerder_taakprestaties( taak_id, personeelsnummer, aantal_uren, datum, "opmerking-uren", beschrijving_kosten, kosten ) VALUES ( '45bhth7d', 'r9473847', 8, '2015-11-04', 'Vandaag overuren gedraaid', null, null);
INSERT INTO groep_64.registreerder_taakprestaties( taak_id, personeelsnummer, aantal_uren, datum, "opmerking-uren", beschrijving_kosten, kosten ) VALUES ( '45bhth7d', 'r9473847', 6, '2015-11-05', 'Vandaag minder gewerkt dan verwacht', null, null);
INSERT INTO groep_64.registreerder_taakprestaties( taak_id, personeelsnummer, aantal_uren, datum, "opmerking-uren", beschrijving_kosten, kosten ) VALUES ( '45bhth7d', 'r9473847', 8, '2015-11-09', 'Vandaag overuren gedraaid', 'Deze aankoop was noodzakelijk voor het uitvoeren van de taak', 43.75);
INSERT INTO groep_64.registreerder_taakprestaties( taak_id, personeelsnummer, aantal_uren, datum, "opmerking-uren", beschrijving_kosten, kosten ) VALUES ( '45bhth7d', 'r9473847', 7, '2015-11-10', null, null, null);
INSERT INTO groep_64.registreerder_taakprestaties( taak_id, personeelsnummer, aantal_uren, datum, "opmerking-uren", beschrijving_kosten, kosten ) VALUES ( '45bhth7d', 'r9473847', 8, '2015-11-11', null, 'Deze aankoop was noodzakelijk voor het uitvoeren van de taak', 50.35);
INSERT INTO groep_64.registreerder_taakprestaties( taak_id, personeelsnummer, aantal_uren, datum, "opmerking-uren", beschrijving_kosten, kosten ) VALUES ( '45bhth7d', 'r9473847', 7, '2015-11-12', null, null, null);
INSERT INTO groep_64.registreerder_taakprestaties( taak_id, personeelsnummer, aantal_uren, datum, "opmerking-uren", beschrijving_kosten, kosten ) VALUES ( '0ykktad6', 'r7492058', 7, '2017-09-18', 'Vandaag meer gewerkt dan verwacht', null, null);
INSERT INTO groep_64.registreerder_taakprestaties( taak_id, personeelsnummer, aantal_uren, datum, "opmerking-uren", beschrijving_kosten, kosten ) VALUES ( '0ykktad6', 'r7492058', 7, '2017-09-19', null, 'Deze aankoop was noodzakelijk voor het uitvoeren van de taak', 63.80);
INSERT INTO groep_64.registreerder_taakprestaties( taak_id, personeelsnummer, aantal_uren, datum, "opmerking-uren", beschrijving_kosten, kosten ) VALUES ( '0ykktad6', 'r7492058', 7, '2017-09-20', 'Vandaag meer gewerkt dan verwacht', null, null);
INSERT INTO groep_64.registreerder_taakprestaties( taak_id, personeelsnummer, aantal_uren, datum, "opmerking-uren", beschrijving_kosten, kosten ) VALUES ( '0ykktad6', 'r7492058', 6, '2017-09-21', null, null, null);
INSERT INTO groep_64.registreerder_taakprestaties( taak_id, personeelsnummer, aantal_uren, datum, "opmerking-uren", beschrijving_kosten, kosten ) VALUES ( '0ykktad6', 'r7492058', 7, '2017-09-25', null, 'Deze aankoop was noodzakelijk voor het uitvoeren van de taak', 34.95);
INSERT INTO groep_64.registreerder_taakprestaties( taak_id, personeelsnummer, aantal_uren, datum, "opmerking-uren", beschrijving_kosten, kosten ) VALUES ( '0ykktad6', 'r7492058', 7, '2017-09-26', 'Vandaag meer gewerkt dan verwacht', null, null);
INSERT INTO groep_64.registreerder_taakprestaties( taak_id, personeelsnummer, aantal_uren, datum, "opmerking-uren", beschrijving_kosten, kosten ) VALUES ( '0ykktad6', 'r7492058', 7, '2017-09-27', null, 'Deze aankoop was noodzakelijk voor het uitvoeren van de taak', 60.20);
INSERT INTO groep_64.registreerder_taakprestaties( taak_id, personeelsnummer, aantal_uren, datum, "opmerking-uren", beschrijving_kosten, kosten ) VALUES ( '0ykktad6', 'r7492058', 6, '2017-09-28', 'Vandaag minder gewerkt dan verwacht', null, null);
INSERT INTO groep_64.registreerder_taakprestaties( taak_id, personeelsnummer, aantal_uren, datum, "opmerking-uren", beschrijving_kosten, kosten ) VALUES ( '0ykktad6', 'r7492058', 7, '2017-10-02', null, null, null);
INSERT INTO groep_64.registreerder_taakprestaties( taak_id, personeelsnummer, aantal_uren, datum, "opmerking-uren", beschrijving_kosten, kosten ) VALUES ( '0ykktad6', 'r7492058', 7, '2017-10-03', 'Vandaag meer gewerkt dan verwacht', null, null);
INSERT INTO groep_64.registreerder_taakprestaties( taak_id, personeelsnummer, aantal_uren, datum, "opmerking-uren", beschrijving_kosten, kosten ) VALUES ( '0ykktad6', 'r7492058', 7, '2017-10-04', null, null, null);
INSERT INTO groep_64.registreerder_taakprestaties( taak_id, personeelsnummer, aantal_uren, datum, "opmerking-uren", beschrijving_kosten, kosten ) VALUES ( '0ykktad6', 'r7492058', 7, '2017-10-05', null, 'Deze aankoop was noodzakelijk voor het uitvoeren van de taak', 35.75);
INSERT INTO groep_64.registreerder_taakprestaties( taak_id, personeelsnummer, aantal_uren, datum, "opmerking-uren", beschrijving_kosten, kosten ) VALUES ( 'w2djrglf', 'r7390462', 5, '2022-11-14', 'Vandaag minder gewerkt dan verwacht', 'Deze aankoop was noodzakelijk voor het uitvoeren van de taak', 20.65);
INSERT INTO groep_64.registreerder_taakprestaties( taak_id, personeelsnummer, aantal_uren, datum, "opmerking-uren", beschrijving_kosten, kosten ) VALUES ( 'w2djrglf', 'r7390462', 5, '2022-11-15', null, 'Deze aankoop was noodzakelijk voor het uitvoeren van de taak', 32.90);
INSERT INTO groep_64.registreerder_taakprestaties( taak_id, personeelsnummer, aantal_uren, datum, "opmerking-uren", beschrijving_kosten, kosten ) VALUES ( 'w2djrglf', 'r7390462', 5, '2022-11-21', null, 'Deze aankoop was noodzakelijk voor het uitvoeren van de taak', 14.10);
INSERT INTO groep_64.registreerder_taakprestaties( taak_id, personeelsnummer, aantal_uren, datum, "opmerking-uren", beschrijving_kosten, kosten ) VALUES ( 'w2djrglf', 'r7390462', 6, '2022-11-22', 'Vandaag meer gewerkt dan verwacht', 'Deze aankoop was noodzakelijk voor het uitvoeren van de taak', 26.80);
INSERT INTO groep_64.registreerder_taakprestaties( taak_id, personeelsnummer, aantal_uren, datum, "opmerking-uren", beschrijving_kosten, kosten ) VALUES ( 'nshlbaje', 'r5739321', 7, '2015-12-21', 'Vandaag meer gewerkt dan verwacht', 'Deze aankoop was noodzakelijk voor het uitvoeren van de taak', 32.80);
INSERT INTO groep_64.registreerder_taakprestaties( taak_id, personeelsnummer, aantal_uren, datum, "opmerking-uren", beschrijving_kosten, kosten ) VALUES ( 'nshlbaje', 'r5739321', 6, '2015-12-22', null, null, null);
INSERT INTO groep_64.registreerder_taakprestaties( taak_id, personeelsnummer, aantal_uren, datum, "opmerking-uren", beschrijving_kosten, kosten ) VALUES ( 'nshlbaje', 'r5739321', 7, '2015-12-23', 'Vandaag meer gewerkt dan verwacht', null, null);
INSERT INTO groep_64.registreerder_taakprestaties( taak_id, personeelsnummer, aantal_uren, datum, "opmerking-uren", beschrijving_kosten, kosten ) VALUES ( 'nshlbaje', 'r5739321', 7, '2015-12-24', null, 'Deze aankoop was noodzakelijk voor het uitvoeren van de taak', 45.60);
INSERT INTO groep_64.registreerder_taakprestaties( taak_id, personeelsnummer, aantal_uren, datum, "opmerking-uren", beschrijving_kosten, kosten ) VALUES ( 'nshlbaje', 'r5739321', 6, '2015-12-28', 'Vandaag minder gewerkt dan verwacht', null, null);
INSERT INTO groep_64.registreerder_taakprestaties( taak_id, personeelsnummer, aantal_uren, datum, "opmerking-uren", beschrijving_kosten, kosten ) VALUES ( 'nshlbaje', 'r5739321', 7, '2015-12-29', null, null, null);
INSERT INTO groep_64.registreerder_taakprestaties( taak_id, personeelsnummer, aantal_uren, datum, "opmerking-uren", beschrijving_kosten, kosten ) VALUES ( 'nshlbaje', 'r5739321', 7, '2015-12-30', null, 'Deze aankoop was noodzakelijk voor het uitvoeren van de taak', 31.90);
INSERT INTO groep_64.registreerder_taakprestaties( taak_id, personeelsnummer, aantal_uren, datum, "opmerking-uren", beschrijving_kosten, kosten ) VALUES ( 'nshlbaje', 'r5739321', 7, '2015-12-31', null, null, null);
INSERT INTO groep_64.registreerder_taakprestaties( taak_id, personeelsnummer, aantal_uren, datum, "opmerking-uren", beschrijving_kosten, kosten ) VALUES ( 'nshlbaje', 'r5739321', 7, '2016-01-04', 'Vandaag meer gewerkt dan verwacht', null, null);
INSERT INTO groep_64.registreerder_taakprestaties( taak_id, personeelsnummer, aantal_uren, datum, "opmerking-uren", beschrijving_kosten, kosten ) VALUES ( 'nshlbaje', 'r5739321', 8, '2016-01-05', null, 'Deze aankoop was noodzakelijk voor het uitvoeren van de taak', 10.20);
INSERT INTO groep_64.registreerder_taakprestaties( taak_id, personeelsnummer, aantal_uren, datum, "opmerking-uren", beschrijving_kosten, kosten ) VALUES ( 'nshlbaje', 'r5739321', 6, '2016-01-06', null, null, null);
INSERT INTO groep_64.registreerder_taakprestaties( taak_id, personeelsnummer, aantal_uren, datum, "opmerking-uren", beschrijving_kosten, kosten ) VALUES ( 'nshlbaje', 'r5739321', 7, '2016-01-07', null, null, null);
INSERT INTO groep_64.registreerder_taakprestaties( taak_id, personeelsnummer, aantal_uren, datum, "opmerking-uren", beschrijving_kosten, kosten ) VALUES ( 'lqze8czd', 'r9403076', 8, '2015-12-21', null, 'Deze aankoop was noodzakelijk voor het uitvoeren van de taak', 40.70);
INSERT INTO groep_64.registreerder_taakprestaties( taak_id, personeelsnummer, aantal_uren, datum, "opmerking-uren", beschrijving_kosten, kosten ) VALUES ( 'lqze8czd', 'r9403076', 8, '2015-12-22', null, null, null);
INSERT INTO groep_64.registreerder_taakprestaties( taak_id, personeelsnummer, aantal_uren, datum, "opmerking-uren", beschrijving_kosten, kosten ) VALUES ( 'lqze8czd', 'r9403076', 8, '2015-12-23', null, 'Deze aankoop was noodzakelijk voor het uitvoeren van de taak', 49.50);
INSERT INTO groep_64.registreerder_taakprestaties( taak_id, personeelsnummer, aantal_uren, datum, "opmerking-uren", beschrijving_kosten, kosten ) VALUES ( 'lqze8czd', 'r2730240', 8, '2015-12-28', null, null, null);
INSERT INTO groep_64.registreerder_taakprestaties( taak_id, personeelsnummer, aantal_uren, datum, "opmerking-uren", beschrijving_kosten, kosten ) VALUES ( 'lqze8czd', 'r2730240', 8, '2015-12-29', null, null, null);
INSERT INTO groep_64.registreerder_taakprestaties( taak_id, personeelsnummer, aantal_uren, datum, "opmerking-uren", beschrijving_kosten, kosten ) VALUES ( 'lqze8czd', 'r2730240', 8, '2015-12-30', null, 'Deze aankoop was noodzakelijk voor het uitvoeren van de taak', 70.35);
INSERT INTO groep_64.registreerder_taakprestaties( taak_id, personeelsnummer, aantal_uren, datum, "opmerking-uren", beschrijving_kosten, kosten ) VALUES ( 'jmb4pur6', 'r2488494', 6, '2015-12-21', null, null, null);
INSERT INTO groep_64.registreerder_taakprestaties( taak_id, personeelsnummer, aantal_uren, datum, "opmerking-uren", beschrijving_kosten, kosten ) VALUES ( 'jmb4pur6', 'r2488494', 7, '2015-12-22', 'Vandaag meer gewerkt dan verwacht', null, null);
INSERT INTO groep_64.registreerder_taakprestaties( taak_id, personeelsnummer, aantal_uren, datum, "opmerking-uren", beschrijving_kosten, kosten ) VALUES ( 'jmb4pur6', 'r2488494', 6, '2015-12-23', null, 'Deze aankoop was noodzakelijk voor het uitvoeren van de taak', 50.45);
INSERT INTO groep_64.registreerder_taakprestaties( taak_id, personeelsnummer, aantal_uren, datum, "opmerking-uren", beschrijving_kosten, kosten ) VALUES ( 'jmb4pur6', 'r4292900', 7, '2015-12-28', null, null, null);
INSERT INTO groep_64.registreerder_taakprestaties( taak_id, personeelsnummer, aantal_uren, datum, "opmerking-uren", beschrijving_kosten, kosten ) VALUES ( 'jmb4pur6', 'r4292900', 7, '2015-12-29', 'Vandaag meer gewerkt dan verwacht', 'Deze aankoop was noodzakelijk voor het uitvoeren van de taak', 20.60);
INSERT INTO groep_64.registreerder_taakprestaties( taak_id, personeelsnummer, aantal_uren, datum, "opmerking-uren", beschrijving_kosten, kosten ) VALUES ( 'jmb4pur6', 'r4292900', 6, '2015-12-30', null, null, null);
INSERT INTO groep_64.registreerder_taakprestaties( taak_id, personeelsnummer, aantal_uren, datum, "opmerking-uren", beschrijving_kosten, kosten ) VALUES ( 'jmb4pur6', 'r7949411', 6, '2016-01-04', 'Vandaag minder gewerkt dan verwacht', 'Deze aankoop was noodzakelijk voor het uitvoeren van de taak', 90.30);
INSERT INTO groep_64.registreerder_taakprestaties( taak_id, personeelsnummer, aantal_uren, datum, "opmerking-uren", beschrijving_kosten, kosten ) VALUES ( 'jmb4pur6', 'r7949411', 6, '2016-01-05', null, null, null);
INSERT INTO groep_64.registreerder_taakprestaties( taak_id, personeelsnummer, aantal_uren, datum, "opmerking-uren", beschrijving_kosten, kosten ) VALUES ( 'jmb4pur6', 'r7949411', 6, '2016-01-06', 'Vandaag minder gewerkt dan verwacht', 'Deze aankoop was noodzakelijk voor het uitvoeren van de taak', 5.30);
INSERT INTO groep_64.registreerder_taakprestaties( taak_id, personeelsnummer, aantal_uren, datum, "opmerking-uren", beschrijving_kosten, kosten ) VALUES ( 'auin5jw7', 'r6842901', 8, '2016-06-06', null, null, null);
INSERT INTO groep_64.registreerder_taakprestaties( taak_id, personeelsnummer, aantal_uren, datum, "opmerking-uren", beschrijving_kosten, kosten ) VALUES ( 'auin5jw7', 'r6842901', 7, '2016-06-07', null, null, null);
INSERT INTO groep_64.registreerder_taakprestaties( taak_id, personeelsnummer, aantal_uren, datum, "opmerking-uren", beschrijving_kosten, kosten ) VALUES ( 'auin5jw7', 'r6842901', 8, '2016-06-08', null, 'Deze aankoop was noodzakelijk voor het uitvoeren van de taak', 53.70);
INSERT INTO groep_64.registreerder_taakprestaties( taak_id, personeelsnummer, aantal_uren, datum, "opmerking-uren", beschrijving_kosten, kosten ) VALUES ( 'auin5jw7', 'r6842901', 8, '2016-06-09', null, null, null);
INSERT INTO groep_64.registreerder_taakprestaties( taak_id, personeelsnummer, aantal_uren, datum, "opmerking-uren", beschrijving_kosten, kosten ) VALUES ( 'auin5jw7', 'r6842901', 7, '2016-06-13', 'Vandaag meer gewerkt dan verwacht', 'Deze aankoop was noodzakelijk voor het uitvoeren van de taak', 26.50);
INSERT INTO groep_64.registreerder_taakprestaties( taak_id, personeelsnummer, aantal_uren, datum, "opmerking-uren", beschrijving_kosten, kosten ) VALUES ( 'auin5jw7', 'r6842901', 8, '2016-06-14', null, null, null);
INSERT INTO groep_64.registreerder_taakprestaties( taak_id, personeelsnummer, aantal_uren, datum, "opmerking-uren", beschrijving_kosten, kosten ) VALUES ( 'auin5jw7', 'r6842901', 7, '2016-06-15', null, 'Deze aankoop was noodzakelijk voor het uitvoeren van de taak', 31.75);
INSERT INTO groep_64.registreerder_taakprestaties( taak_id, personeelsnummer, aantal_uren, datum, "opmerking-uren", beschrijving_kosten, kosten ) VALUES ( 'auin5jw7', 'r6842901', 8, '2016-06-16', null, null, null);
INSERT INTO groep_64.registreerder_taakprestaties( taak_id, personeelsnummer, aantal_uren, datum, "opmerking-uren", beschrijving_kosten, kosten ) VALUES ( 'auin5jw7', 'r6842901', 8, '2016-06-20', 'Vandaag overuren gedraaid', 'Deze aankoop was noodzakelijk voor het uitvoeren van de taak', 60.10);
INSERT INTO groep_64.registreerder_taakprestaties( taak_id, personeelsnummer, aantal_uren, datum, "opmerking-uren", beschrijving_kosten, kosten ) VALUES ( 'auin5jw7', 'r6842901', 8, '2016-06-21', null, null, null);
INSERT INTO groep_64.registreerder_taakprestaties( taak_id, personeelsnummer, aantal_uren, datum, "opmerking-uren", beschrijving_kosten, kosten ) VALUES ( 'auin5jw7', 'r6842901', 8, '2016-06-22', 'Vandaag overuren gedraaid', null, null);
INSERT INTO groep_64.registreerder_taakprestaties( taak_id, personeelsnummer, aantal_uren, datum, "opmerking-uren", beschrijving_kosten, kosten ) VALUES ( 'auin5jw7', 'r6842901', 7, '2016-06-23', null, null, null);
INSERT INTO groep_64.registreerder_taakprestaties( taak_id, personeelsnummer, aantal_uren, datum, "opmerking-uren", beschrijving_kosten, kosten ) VALUES ( 'eiv5iit3', 'r7480472', 8, '2014-11-10', null, null, null);
INSERT INTO groep_64.registreerder_taakprestaties( taak_id, personeelsnummer, aantal_uren, datum, "opmerking-uren", beschrijving_kosten, kosten ) VALUES ( 'eiv5iit3', 'r7480472', 7, '2014-11-11', null, 'Deze aankoop was noodzakelijk voor het uitvoeren van de taak', 30.70);
INSERT INTO groep_64.registreerder_taakprestaties( taak_id, personeelsnummer, aantal_uren, datum, "opmerking-uren", beschrijving_kosten, kosten ) VALUES ( 'eiv5iit3', 'r7480472', 8, '2014-11-12', 'Vandaag overuren gedraaid', 'Deze aankoop was noodzakelijk voor het uitvoeren van de taak', 56.75);
INSERT INTO groep_64.registreerder_taakprestaties( taak_id, personeelsnummer, aantal_uren, datum, "opmerking-uren", beschrijving_kosten, kosten ) VALUES ( 'eiv5iit3', 'r7480472', 8, '2014-11-13', null, null, null);
INSERT INTO groep_64.registreerder_taakprestaties( taak_id, personeelsnummer, aantal_uren, datum, "opmerking-uren", beschrijving_kosten, kosten ) VALUES ( 'eiv5iit3', 'r7480472', 8, '2014-11-14', null, 'Deze aankoop was noodzakelijk voor het uitvoeren van de taak', 42);
INSERT INTO groep_64.registreerder_taakprestaties( taak_id, personeelsnummer, aantal_uren, datum, "opmerking-uren", beschrijving_kosten, kosten ) VALUES ( 'eiv5iit3', 'r7480472', 7, '2014-11-17', 'Vandaag meer gewerkt dan verwacht', null, null);
INSERT INTO groep_64.registreerder_taakprestaties( taak_id, personeelsnummer, aantal_uren, datum, "opmerking-uren", beschrijving_kosten, kosten ) VALUES ( 'eiv5iit3', 'r7480472', 7, '2014-11-18', null, null, null);
INSERT INTO groep_64.registreerder_taakprestaties( taak_id, personeelsnummer, aantal_uren, datum, "opmerking-uren", beschrijving_kosten, kosten ) VALUES ( 'eiv5iit3', 'r7480472', 8, '2014-11-19', 'Vandaag overuren gedraaid', null, null);
INSERT INTO groep_64.registreerder_taakprestaties( taak_id, personeelsnummer, aantal_uren, datum, "opmerking-uren", beschrijving_kosten, kosten ) VALUES ( 'eiv5iit3', 'r7480472', 8, '2014-11-20', 'Vandaag overuren gedraaid', null, null);
INSERT INTO groep_64.registreerder_taakprestaties( taak_id, personeelsnummer, aantal_uren, datum, "opmerking-uren", beschrijving_kosten, kosten ) VALUES ( 'eiv5iit3', 'r7480472', 7, '2014-11-21', null, null, null);
INSERT INTO groep_64.registreerder_taakprestaties( taak_id, personeelsnummer, aantal_uren, datum, "opmerking-uren", beschrijving_kosten, kosten ) VALUES ( 'oc3jrkr8', 'r2840932', 8, '2020-07-06', null, 'Deze aankoop was noodzakelijk voor het uitvoeren van de taak', 40.70);
INSERT INTO groep_64.registreerder_taakprestaties( taak_id, personeelsnummer, aantal_uren, datum, "opmerking-uren", beschrijving_kosten, kosten ) VALUES ( 'oc3jrkr8', 'r2840932', 8, '2020-07-07', 'Vandaag overuren gedraaid', null, null);
INSERT INTO groep_64.registreerder_taakprestaties( taak_id, personeelsnummer, aantal_uren, datum, "opmerking-uren", beschrijving_kosten, kosten ) VALUES ( 'oc3jrkr8', 'r2840932', 7, '2020-07-08', null, null, null);
INSERT INTO groep_64.registreerder_taakprestaties( taak_id, personeelsnummer, aantal_uren, datum, "opmerking-uren", beschrijving_kosten, kosten ) VALUES ( 'oc3jrkr8', 'r2840932', 7, '2020-07-09', null, 'Deze aankoop was noodzakelijk voor het uitvoeren van de taak', 70.25);
INSERT INTO groep_64.registreerder_taakprestaties( taak_id, personeelsnummer, aantal_uren, datum, "opmerking-uren", beschrijving_kosten, kosten ) VALUES ( 'oc3jrkr8', 'r2840932', 7, '2020-07-10', 'Vandaag meer gewerkt dan verwacht', null, null);
INSERT INTO groep_64.registreerder_taakprestaties( taak_id, personeelsnummer, aantal_uren, datum, "opmerking-uren", beschrijving_kosten, kosten ) VALUES ( 'oc3jrkr8', 'r2840932', 7, '2020-07-13', null, 'Deze aankoop was noodzakelijk voor het uitvoeren van de taak', 30.10);
INSERT INTO groep_64.registreerder_taakprestaties( taak_id, personeelsnummer, aantal_uren, datum, "opmerking-uren", beschrijving_kosten, kosten ) VALUES ( 'oc3jrkr8', 'r2840932', 7, '2020-07-14', null, null, null);
INSERT INTO groep_64.registreerder_taakprestaties( taak_id, personeelsnummer, aantal_uren, datum, "opmerking-uren", beschrijving_kosten, kosten ) VALUES ( 'oc3jrkr8', 'r2840932', 7, '2020-07-15', 'Vandaag meer gewerkt dan verwacht', 'Deze aankoop was noodzakelijk voor het uitvoeren van de taak', 10.30);
INSERT INTO groep_64.registreerder_taakprestaties( taak_id, personeelsnummer, aantal_uren, datum, "opmerking-uren", beschrijving_kosten, kosten ) VALUES ( 'oc3jrkr8', 'r2840932', 7, '2020-07-16', 'Vandaag meer gewerkt dan verwacht', 'Deze aankoop was noodzakelijk voor het uitvoeren van de taak', 18.60);
INSERT INTO groep_64.registreerder_taakprestaties( taak_id, personeelsnummer, aantal_uren, datum, "opmerking-uren", beschrijving_kosten, kosten ) VALUES ( 'oc3jrkr8', 'r2840932', 7, '2020-07-17', null, null, null);
INSERT INTO groep_64.registreerder_taakprestaties( taak_id, personeelsnummer, aantal_uren, datum, "opmerking-uren", beschrijving_kosten, kosten ) VALUES ( 'szi1x4a7', 'r4829493', 8, '2020-11-16', null, null, null);
INSERT INTO groep_64.registreerder_taakprestaties( taak_id, personeelsnummer, aantal_uren, datum, "opmerking-uren", beschrijving_kosten, kosten ) VALUES ( 'szi1x4a7', 'r4829493', 7, '2020-11-17', null, null, null);
INSERT INTO groep_64.registreerder_taakprestaties( taak_id, personeelsnummer, aantal_uren, datum, "opmerking-uren", beschrijving_kosten, kosten ) VALUES ( 'szi1x4a7', 'r4829493', 7, '2020-11-18', 'Vandaag meer gewerkt dan verwacht', 'Deze aankoop was noodzakelijk voor het uitvoeren van de taak', 50.20);
INSERT INTO groep_64.registreerder_taakprestaties( taak_id, personeelsnummer, aantal_uren, datum, "opmerking-uren", beschrijving_kosten, kosten ) VALUES ( 'szi1x4a7', 'r4829493', 8, '2020-11-19', null, null, null);
INSERT INTO groep_64.registreerder_taakprestaties( taak_id, personeelsnummer, aantal_uren, datum, "opmerking-uren", beschrijving_kosten, kosten ) VALUES ( 'szi1x4a7', 'r4829493', 6, '2020-11-23', 'Vandaag minder gewerkt dan verwacht', 'Deze aankoop was noodzakelijk voor het uitvoeren van de taak', 42.80);
INSERT INTO groep_64.registreerder_taakprestaties( taak_id, personeelsnummer, aantal_uren, datum, "opmerking-uren", beschrijving_kosten, kosten ) VALUES ( 'szi1x4a7', 'r4829493', 6, '2020-11-24', null, null, null);
INSERT INTO groep_64.registreerder_taakprestaties( taak_id, personeelsnummer, aantal_uren, datum, "opmerking-uren", beschrijving_kosten, kosten ) VALUES ( 'szi1x4a7', 'r4829493', 7, '2020-11-25', null, 'Deze aankoop was noodzakelijk voor het uitvoeren van de taak', 46.10);
INSERT INTO groep_64.registreerder_taakprestaties( taak_id, personeelsnummer, aantal_uren, datum, "opmerking-uren", beschrijving_kosten, kosten ) VALUES ( 'szi1x4a7', 'r4829493', 7, '2020-11-26', 'Vandaag meer gewerkt dan verwacht', null, null);
INSERT INTO groep_64.registreerder_taakprestaties( taak_id, personeelsnummer, aantal_uren, datum, "opmerking-uren", beschrijving_kosten, kosten ) VALUES ( '1dd1ht2w', 'r0483942', 8, '2020-11-16', null, null, null);
INSERT INTO groep_64.registreerder_taakprestaties( taak_id, personeelsnummer, aantal_uren, datum, "opmerking-uren", beschrijving_kosten, kosten ) VALUES ( '1dd1ht2w', 'r0483942', 8, '2020-11-17', null, 'Deze aankoop was noodzakelijk voor het uitvoeren van de taak', 50.20);
INSERT INTO groep_64.registreerder_taakprestaties( taak_id, personeelsnummer, aantal_uren, datum, "opmerking-uren", beschrijving_kosten, kosten ) VALUES ( '1dd1ht2w', 'r0483942', 8, '2020-11-18', null, null, null);
INSERT INTO groep_64.registreerder_taakprestaties( taak_id, personeelsnummer, aantal_uren, datum, "opmerking-uren", beschrijving_kosten, kosten ) VALUES ( '1dd1ht2w', 'r1949503', 6, '2020-11-23', null, 'Deze aankoop was noodzakelijk voor het uitvoeren van de taak', 49.30);
INSERT INTO groep_64.registreerder_taakprestaties( taak_id, personeelsnummer, aantal_uren, datum, "opmerking-uren", beschrijving_kosten, kosten ) VALUES ( '1dd1ht2w', 'r1949503', 6, '2020-11-24', 'Vandaag minder gewerkt dan verwacht', 'Deze aankoop was noodzakelijk voor het uitvoeren van de taak', 18.30);
INSERT INTO groep_64.registreerder_taakprestaties( taak_id, personeelsnummer, aantal_uren, datum, "opmerking-uren", beschrijving_kosten, kosten ) VALUES ( '1dd1ht2w', 'r1949503', 7, '2020-11-25', null, 'Deze aankoop was noodzakelijk voor het uitvoeren van de taak', 24.60);
INSERT INTO groep_64.registreerder_taakprestaties( taak_id, personeelsnummer, aantal_uren, datum, "opmerking-uren", beschrijving_kosten, kosten ) VALUES ( '1dd1ht2w', 'r1949503', 6, '2020-11-26', null, null, null);
INSERT INTO groep_64.registreerder_taakprestaties( taak_id, personeelsnummer, aantal_uren, datum, "opmerking-uren", beschrijving_kosten, kosten ) VALUES ( 'zf0qe6xj', 'r3824842', 7, '2021-09-06', 'Vandaag meer gewerkt dan verwacht', null, null);
INSERT INTO groep_64.registreerder_taakprestaties( taak_id, personeelsnummer, aantal_uren, datum, "opmerking-uren", beschrijving_kosten, kosten ) VALUES ( 'zf0qe6xj', 'r3824842', 7, '2021-09-07', null, null, null);
INSERT INTO groep_64.registreerder_taakprestaties( taak_id, personeelsnummer, aantal_uren, datum, "opmerking-uren", beschrijving_kosten, kosten ) VALUES ( 'zf0qe6xj', 'r3824842', 7, '2021-09-08', 'Vandaag meer gewerkt dan verwacht', 'Deze aankoop was noodzakelijk voor het uitvoeren van de taak', 64.90);
INSERT INTO groep_64.registreerder_taakprestaties( taak_id, personeelsnummer, aantal_uren, datum, "opmerking-uren", beschrijving_kosten, kosten ) VALUES ( 'zf0qe6xj', 'r3824842', 7, '2021-09-09', null, null, null);
INSERT INTO groep_64.registreerder_taakprestaties( taak_id, personeelsnummer, aantal_uren, datum, "opmerking-uren", beschrijving_kosten, kosten ) VALUES ( 'zf0qe6xj', 'r0038998', 7, '2021-09-13', 'Vandaag meer gewerkt dan verwacht', 'Deze aankoop was noodzakelijk voor het uitvoeren van de taak', 57.20);
INSERT INTO groep_64.registreerder_taakprestaties( taak_id, personeelsnummer, aantal_uren, datum, "opmerking-uren", beschrijving_kosten, kosten ) VALUES ( 'zf0qe6xj', 'r0038998', 8, '2021-09-14', null, 'Deze aankoop was noodzakelijk voor het uitvoeren van de taak', 22.15);
INSERT INTO groep_64.registreerder_taakprestaties( taak_id, personeelsnummer, aantal_uren, datum, "opmerking-uren", beschrijving_kosten, kosten ) VALUES ( 'zf0qe6xj', 'r0038998', 7, '2021-09-15', null, null, null);
INSERT INTO groep_64.registreerder_taakprestaties( taak_id, personeelsnummer, aantal_uren, datum, "opmerking-uren", beschrijving_kosten, kosten ) VALUES ( 'zf0qe6xj', 'r0038998', 7, '2021-09-16', null, null, null);
INSERT INTO groep_64.registreerder_taakprestaties( taak_id, personeelsnummer, aantal_uren, datum, "opmerking-uren", beschrijving_kosten, kosten ) VALUES ( 'zf0qe6xj', 'r8472481', 7, '2021-09-20', null, 'Deze aankoop was noodzakelijk voor het uitvoeren van de taak', 61.60);
INSERT INTO groep_64.registreerder_taakprestaties( taak_id, personeelsnummer, aantal_uren, datum, "opmerking-uren", beschrijving_kosten, kosten ) VALUES ( 'zf0qe6xj', 'r8472481', 7, '2021-09-21', null, null, null);
INSERT INTO groep_64.registreerder_taakprestaties( taak_id, personeelsnummer, aantal_uren, datum, "opmerking-uren", beschrijving_kosten, kosten ) VALUES ( 'zf0qe6xj', 'r8472481', 7, '2021-09-22', 'Vandaag meer gewerkt dan verwacht', null, null);
INSERT INTO groep_64.registreerder_taakprestaties( taak_id, personeelsnummer, aantal_uren, datum, "opmerking-uren", beschrijving_kosten, kosten ) VALUES ( 'zf0qe6xj', 'r8472481', 7, '2021-09-23', 'Vandaag meer gewerkt dan verwacht', null, null);
INSERT INTO groep_64.registreerder_taakprestaties( taak_id, personeelsnummer, aantal_uren, datum, "opmerking-uren", beschrijving_kosten, kosten ) VALUES ( 'q53zjp3a', 'r6839555', 7, '2021-09-06', null, null, null);
INSERT INTO groep_64.registreerder_taakprestaties( taak_id, personeelsnummer, aantal_uren, datum, "opmerking-uren", beschrijving_kosten, kosten ) VALUES ( 'q53zjp3a', 'r6839555', 6, '2021-09-07', null, 'Deze aankoop was noodzakelijk voor het uitvoeren van de taak', 26.90);
INSERT INTO groep_64.registreerder_taakprestaties( taak_id, personeelsnummer, aantal_uren, datum, "opmerking-uren", beschrijving_kosten, kosten ) VALUES ( 'q53zjp3a', 'r6839555', 7, '2021-09-08', null, null, null);
INSERT INTO groep_64.registreerder_taakprestaties( taak_id, personeelsnummer, aantal_uren, datum, "opmerking-uren", beschrijving_kosten, kosten ) VALUES ( 'q53zjp3a', 'r6839555', 6, '2021-09-09', 'Vandaag minder gewerkt dan verwacht', 'Deze aankoop was noodzakelijk voor het uitvoeren van de taak', 22.90);
INSERT INTO groep_64.registreerder_taakprestaties( taak_id, personeelsnummer, aantal_uren, datum, "opmerking-uren", beschrijving_kosten, kosten ) VALUES ( 'q53zjp3a', 'r6839555', 8, '2021-09-13', 'Vandaag overuren gedraaid', null, null);
INSERT INTO groep_64.registreerder_taakprestaties( taak_id, personeelsnummer, aantal_uren, datum, "opmerking-uren", beschrijving_kosten, kosten ) VALUES ( 'q53zjp3a', 'r6839555', 6, '2021-09-14', null, null, null);
INSERT INTO groep_64.registreerder_taakprestaties( taak_id, personeelsnummer, aantal_uren, datum, "opmerking-uren", beschrijving_kosten, kosten ) VALUES ( 'q53zjp3a', 'r6839555', 7, '2021-09-15', null, 'Deze aankoop was noodzakelijk voor het uitvoeren van de taak', 31.40);
INSERT INTO groep_64.registreerder_taakprestaties( taak_id, personeelsnummer, aantal_uren, datum, "opmerking-uren", beschrijving_kosten, kosten ) VALUES ( 'q53zjp3a', 'r6839555', 7, '2021-09-16', 'Vandaag meer gewerkt dan verwacht', 'Deze aankoop was noodzakelijk voor het uitvoeren van de taak', 10.20);
INSERT INTO groep_64.registreerder_taakprestaties( taak_id, personeelsnummer, aantal_uren, datum, "opmerking-uren", beschrijving_kosten, kosten ) VALUES ( '51xthytv', 'r2424000', 7, '2021-09-06', null, null, null);
INSERT INTO groep_64.registreerder_taakprestaties( taak_id, personeelsnummer, aantal_uren, datum, "opmerking-uren", beschrijving_kosten, kosten ) VALUES ( '51xthytv', 'r2424000', 7, '2021-09-07', 'Vandaag meer gewerkt dan verwacht', null, null);
INSERT INTO groep_64.registreerder_taakprestaties( taak_id, personeelsnummer, aantal_uren, datum, "opmerking-uren", beschrijving_kosten, kosten ) VALUES ( '51xthytv', 'r2424000', 8, '2021-09-08', 'Vandaag overuren gedraaid', 'Deze aankoop was noodzakelijk voor het uitvoeren van de taak', 30.70);
INSERT INTO groep_64.registreerder_taakprestaties( taak_id, personeelsnummer, aantal_uren, datum, "opmerking-uren", beschrijving_kosten, kosten ) VALUES ( '51xthytv', 'r2424000', 6, '2021-09-13', null, 'Deze aankoop was noodzakelijk voor het uitvoeren van de taak', 22.70);
INSERT INTO groep_64.registreerder_taakprestaties( taak_id, personeelsnummer, aantal_uren, datum, "opmerking-uren", beschrijving_kosten, kosten ) VALUES ( '51xthytv', 'r2424000', 7, '2021-09-14', null, null, null);
INSERT INTO groep_64.registreerder_taakprestaties( taak_id, personeelsnummer, aantal_uren, datum, "opmerking-uren", beschrijving_kosten, kosten ) VALUES ( '51xthytv', 'r2424000', 6, '2021-09-15', 'Vandaag minder gewerkt dan verwacht', 'Deze aankoop was noodzakelijk voor het uitvoeren van de taak', 39.15);
INSERT INTO groep_64.registreerder_taakprestaties( taak_id, personeelsnummer, aantal_uren, datum, "opmerking-uren", beschrijving_kosten, kosten ) VALUES ( '51xthytv', 'r2424000', 6, '2021-09-16', null, null, null);
INSERT INTO groep_64.registreerder_taakprestaties( taak_id, personeelsnummer, aantal_uren, datum, "opmerking-uren", beschrijving_kosten, kosten ) VALUES ( 'ljybifkn', 'r7492058', 7, '2021-12-13', 'Vandaag meer gewerkt dan verwacht', null, null);
INSERT INTO groep_64.registreerder_taakprestaties( taak_id, personeelsnummer, aantal_uren, datum, "opmerking-uren", beschrijving_kosten, kosten ) VALUES ( 'ljybifkn', 'r7492058', 8, '2021-12-14', null, 'Deze aankoop was noodzakelijk voor het uitvoeren van de taak', 22.80);
INSERT INTO groep_64.registreerder_taakprestaties( taak_id, personeelsnummer, aantal_uren, datum, "opmerking-uren", beschrijving_kosten, kosten ) VALUES ( 'ljybifkn', 'r7492058', 8, '2021-12-15', 'Vandaag overuren gedraaid', 'Deze aankoop was noodzakelijk voor het uitvoeren van de taak', 49.80);
INSERT INTO groep_64.registreerder_taakprestaties( taak_id, personeelsnummer, aantal_uren, datum, "opmerking-uren", beschrijving_kosten, kosten ) VALUES ( 'ljybifkn', 'r7492058', 8, '2021-12-16', null, null, null);
INSERT INTO groep_64.registreerder_taakprestaties( taak_id, personeelsnummer, aantal_uren, datum, "opmerking-uren", beschrijving_kosten, kosten ) VALUES ( 'ljybifkn', 'r7492058', 7, '2021-12-20', null, null, null);
INSERT INTO groep_64.registreerder_taakprestaties( taak_id, personeelsnummer, aantal_uren, datum, "opmerking-uren", beschrijving_kosten, kosten ) VALUES ( 'ljybifkn', 'r7492058', 8, '2021-12-21', null, 'Deze aankoop was noodzakelijk voor het uitvoeren van de taak', 10.50);
INSERT INTO groep_64.registreerder_taakprestaties( taak_id, personeelsnummer, aantal_uren, datum, "opmerking-uren", beschrijving_kosten, kosten ) VALUES ( 'ljybifkn', 'r7492058', 7, '2021-12-22', 'Vandaag meer gewerkt dan verwacht', null, null);
INSERT INTO groep_64.registreerder_taakprestaties( taak_id, personeelsnummer, aantal_uren, datum, "opmerking-uren", beschrijving_kosten, kosten ) VALUES ( 'ljybifkn', 'r7492058', 7, '2021-12-23', null, null, null);
INSERT INTO groep_64.registreerder_taakprestaties( taak_id, personeelsnummer, aantal_uren, datum, "opmerking-uren", beschrijving_kosten, kosten ) VALUES ( 'ljybifkn', 'r7492058', 7, '2021-12-24', 'Vandaag meer gewerkt dan verwacht', 'Deze aankoop was noodzakelijk voor het uitvoeren van de taak', 17.30);
INSERT INTO groep_64.registreerder_taakprestaties( taak_id, personeelsnummer, aantal_uren, datum, "opmerking-uren", beschrijving_kosten, kosten ) VALUES ( 'ueuhdsdd', 'r9473847', 7, '2020-06-01', null, null, null);
INSERT INTO groep_64.registreerder_taakprestaties( taak_id, personeelsnummer, aantal_uren, datum, "opmerking-uren", beschrijving_kosten, kosten ) VALUES ( 'ueuhdsdd', 'r9473847', 7, '2020-06-02', null, 'Deze aankoop was noodzakelijk voor het uitvoeren van de taak', 21.70);
INSERT INTO groep_64.registreerder_taakprestaties( taak_id, personeelsnummer, aantal_uren, datum, "opmerking-uren", beschrijving_kosten, kosten ) VALUES ( 'ueuhdsdd', 'r9473847', 7, '2020-06-03', null, null, null);
INSERT INTO groep_64.registreerder_taakprestaties( taak_id, personeelsnummer, aantal_uren, datum, "opmerking-uren", beschrijving_kosten, kosten ) VALUES ( 'ueuhdsdd', 'r9473847', 6, '2020-06-04', null, 'Deze aankoop was noodzakelijk voor het uitvoeren van de taak', 37.50);
INSERT INTO groep_64.registreerder_taakprestaties( taak_id, personeelsnummer, aantal_uren, datum, "opmerking-uren", beschrijving_kosten, kosten ) VALUES ( 'ueuhdsdd', 'r9473847', 7, '2020-06-05', 'Vandaag meer gewerkt dan verwacht', null, null);
INSERT INTO groep_64.registreerder_taakprestaties( taak_id, personeelsnummer, aantal_uren, datum, "opmerking-uren", beschrijving_kosten, kosten ) VALUES ( 'ueuhdsdd', 'r9473847', 6, '2020-06-08', null, 'Deze aankoop was noodzakelijk voor het uitvoeren van de taak', 22.45);
INSERT INTO groep_64.registreerder_taakprestaties( taak_id, personeelsnummer, aantal_uren, datum, "opmerking-uren", beschrijving_kosten, kosten ) VALUES ( 'ueuhdsdd', 'r9473847', 8, '2020-06-09', 'Vandaag overuren gedraaid', 'Deze aankoop was noodzakelijk voor het uitvoeren van de taak', 14.05);
INSERT INTO groep_64.registreerder_taakprestaties( taak_id, personeelsnummer, aantal_uren, datum, "opmerking-uren", beschrijving_kosten, kosten ) VALUES ( 'ueuhdsdd', 'r9473847', 8, '2020-06-10', null, null, null);
INSERT INTO groep_64.registreerder_taakprestaties( taak_id, personeelsnummer, aantal_uren, datum, "opmerking-uren", beschrijving_kosten, kosten ) VALUES ( 'ueuhdsdd', 'r9473847', 6, '2020-06-11', 'Vandaag minder gewerkt dan verwacht', null, null);
INSERT INTO groep_64.registreerder_taakprestaties( taak_id, personeelsnummer, aantal_uren, datum, "opmerking-uren", beschrijving_kosten, kosten ) VALUES ( 'z1f1t9oq', 'r7390462', 4, '2022-11-16', null, 'Deze aankoop was noodzakelijk voor het uitvoeren van de taak', 23.65);
INSERT INTO groep_64.registreerder_taakprestaties( taak_id, personeelsnummer, aantal_uren, datum, "opmerking-uren", beschrijving_kosten, kosten ) VALUES ( 'z1f1t9oq', 'r7390462', 4, '2022-11-17', null, 'Deze aankoop was noodzakelijk voor het uitvoeren van de taak', 31.20);
INSERT INTO groep_64.registreerder_taakprestaties( taak_id, personeelsnummer, aantal_uren, datum, "opmerking-uren", beschrijving_kosten, kosten ) VALUES ( 'z1f1t9oq', 'r7390462', 3, '2022-11-23', 'Vandaag minder gewerkt dan verwacht', 'Deze aankoop was noodzakelijk voor het uitvoeren van de taak', 18);
INSERT INTO groep_64.registreerder_taakprestaties( taak_id, personeelsnummer, aantal_uren, datum, "opmerking-uren", beschrijving_kosten, kosten ) VALUES ( 'z1f1t9oq', 'r7390462', 5, '2022-11-24', 'Vandaag meer gewerkt dan verwacht', 'Deze aankoop was noodzakelijk voor het uitvoeren van de taak', 23.40);
INSERT INTO groep_64.registreerder_taakprestaties( taak_id, personeelsnummer, aantal_uren, datum, "opmerking-uren", beschrijving_kosten, kosten ) VALUES ( 'njip0rto', 'r2730240', 7, '2017-03-20', null, null, null);
INSERT INTO groep_64.registreerder_taakprestaties( taak_id, personeelsnummer, aantal_uren, datum, "opmerking-uren", beschrijving_kosten, kosten ) VALUES ( 'njip0rto', 'r2730240', 7, '2017-03-21', null, null, null);
INSERT INTO groep_64.registreerder_taakprestaties( taak_id, personeelsnummer, aantal_uren, datum, "opmerking-uren", beschrijving_kosten, kosten ) VALUES ( 'njip0rto', 'r2730240', 7, '2017-03-22', null, 'Deze aankoop was noodzakelijk voor het uitvoeren van de taak', 70.65);
INSERT INTO groep_64.registreerder_taakprestaties( taak_id, personeelsnummer, aantal_uren, datum, "opmerking-uren", beschrijving_kosten, kosten ) VALUES ( 'njip0rto', 'r2730240', 7, '2017-03-23', null, null, null);
INSERT INTO groep_64.registreerder_taakprestaties( taak_id, personeelsnummer, aantal_uren, datum, "opmerking-uren", beschrijving_kosten, kosten ) VALUES ( 'njip0rto', 'r4292900', 7, '2017-03-27', 'Vandaag meer gewerkt dan verwacht', null, null);
INSERT INTO groep_64.registreerder_taakprestaties( taak_id, personeelsnummer, aantal_uren, datum, "opmerking-uren", beschrijving_kosten, kosten ) VALUES ( 'njip0rto', 'r4292900', 8, '2017-03-28', null, 'Deze aankoop was noodzakelijk voor het uitvoeren van de taak', 20.50);
INSERT INTO groep_64.registreerder_taakprestaties( taak_id, personeelsnummer, aantal_uren, datum, "opmerking-uren", beschrijving_kosten, kosten ) VALUES ( 'njip0rto', 'r4292900', 6, '2017-03-29', null, null, null);
INSERT INTO groep_64.registreerder_taakprestaties( taak_id, personeelsnummer, aantal_uren, datum, "opmerking-uren", beschrijving_kosten, kosten ) VALUES ( 'njip0rto', 'r4292900', 6, '2017-03-30', 'Vandaag minder gewerkt dan verwacht', null, null);
INSERT INTO groep_64.registreerder_taakprestaties( taak_id, personeelsnummer, aantal_uren, datum, "opmerking-uren", beschrijving_kosten, kosten ) VALUES ( 'njip0rto', 'r4292900', 8, '2017-03-31', null, 'Deze aankoop was noodzakelijk voor het uitvoeren van de taak', 33.90);
INSERT INTO groep_64.registreerder_taakprestaties( taak_id, personeelsnummer, aantal_uren, datum, "opmerking-uren", beschrijving_kosten, kosten ) VALUES ( 'njip0rto', 'r2730240', 7, '2017-04-03', null, null, null);
INSERT INTO groep_64.registreerder_taakprestaties( taak_id, personeelsnummer, aantal_uren, datum, "opmerking-uren", beschrijving_kosten, kosten ) VALUES ( 'njip0rto', 'r2730240', 8, '2017-04-04', 'Vandaag overuren gedraaid', 'Deze aankoop was noodzakelijk voor het uitvoeren van de taak', 60.45);
INSERT INTO groep_64.registreerder_taakprestaties( taak_id, personeelsnummer, aantal_uren, datum, "opmerking-uren", beschrijving_kosten, kosten ) VALUES ( 'njip0rto', 'r2730240', 7, '2017-04-05', null, null, null);
INSERT INTO groep_64.registreerder_taakprestaties( taak_id, personeelsnummer, aantal_uren, datum, "opmerking-uren", beschrijving_kosten, kosten ) VALUES ( 'njip0rto', 'r4292900', 7, '2017-04-10', null, 'Deze aankoop was noodzakelijk voor het uitvoeren van de taak', 14.80);
INSERT INTO groep_64.registreerder_taakprestaties( taak_id, personeelsnummer, aantal_uren, datum, "opmerking-uren", beschrijving_kosten, kosten ) VALUES ( 'njip0rto', 'r4292900', 7, '2017-04-11', 'Vandaag meer gewerkt dan verwacht', null, null);
INSERT INTO groep_64.registreerder_taakprestaties( taak_id, personeelsnummer, aantal_uren, datum, "opmerking-uren", beschrijving_kosten, kosten ) VALUES ( 'njip0rto', 'r4292900', 6, '2017-04-12', null, null, null);
INSERT INTO groep_64.registreerder_taakprestaties( taak_id, personeelsnummer, aantal_uren, datum, "opmerking-uren", beschrijving_kosten, kosten ) VALUES ( 'p4ioz8x0', 'r6842901', 8, '2017-03-20', null, 'Deze aankoop was noodzakelijk voor het uitvoeren van de taak', 24.70);
INSERT INTO groep_64.registreerder_taakprestaties( taak_id, personeelsnummer, aantal_uren, datum, "opmerking-uren", beschrijving_kosten, kosten ) VALUES ( 'p4ioz8x0', 'r6842901', 8, '2017-03-21', 'Vandaag overuren gedraaid', null, null);
INSERT INTO groep_64.registreerder_taakprestaties( taak_id, personeelsnummer, aantal_uren, datum, "opmerking-uren", beschrijving_kosten, kosten ) VALUES ( 'p4ioz8x0', 'r6842901', 7, '2017-03-22', null, null, null);
INSERT INTO groep_64.registreerder_taakprestaties( taak_id, personeelsnummer, aantal_uren, datum, "opmerking-uren", beschrijving_kosten, kosten ) VALUES ( 'p4ioz8x0', 'r6842901', 8, '2017-03-23', null, 'Deze aankoop was noodzakelijk voor het uitvoeren van de taak', 39.55);
INSERT INTO groep_64.registreerder_taakprestaties( taak_id, personeelsnummer, aantal_uren, datum, "opmerking-uren", beschrijving_kosten, kosten ) VALUES ( 'p4ioz8x0', 'r0483942', 8, '2017-03-27', 'Vandaag overuren gedraaid', null, null);
INSERT INTO groep_64.registreerder_taakprestaties( taak_id, personeelsnummer, aantal_uren, datum, "opmerking-uren", beschrijving_kosten, kosten ) VALUES ( 'p4ioz8x0', 'r0483942', 8, '2017-03-28', 'Vandaag overuren gedraaid', 'Deze aankoop was noodzakelijk voor het uitvoeren van de taak', 50.75);
INSERT INTO groep_64.registreerder_taakprestaties( taak_id, personeelsnummer, aantal_uren, datum, "opmerking-uren", beschrijving_kosten, kosten ) VALUES ( 'p4ioz8x0', 'r0483942', 8, '2017-03-29', null, null, null);
INSERT INTO groep_64.registreerder_taakprestaties( taak_id, personeelsnummer, aantal_uren, datum, "opmerking-uren", beschrijving_kosten, kosten ) VALUES ( 'p4ioz8x0', 'r0483942', 8, '2017-03-30', null, null, null);
INSERT INTO groep_64.registreerder_taakprestaties( taak_id, personeelsnummer, aantal_uren, datum, "opmerking-uren", beschrijving_kosten, kosten ) VALUES ( 'p4ioz8x0', 'r0483942', 8, '2017-03-31', null, null, null);
INSERT INTO groep_64.registreerder_taakprestaties( taak_id, personeelsnummer, aantal_uren, datum, "opmerking-uren", beschrijving_kosten, kosten ) VALUES ( 'nymfalc2', 'r3824842', 6, '2015-06-15', 'Vandaag minder gewerkt dan verwacht', null, null);
INSERT INTO groep_64.registreerder_taakprestaties( taak_id, personeelsnummer, aantal_uren, datum, "opmerking-uren", beschrijving_kosten, kosten ) VALUES ( 'nymfalc2', 'r3824842', 7, '2015-06-16', null, 'Deze aankoop was noodzakelijk voor het uitvoeren van de taak', 110.60);
INSERT INTO groep_64.registreerder_taakprestaties( taak_id, personeelsnummer, aantal_uren, datum, "opmerking-uren", beschrijving_kosten, kosten ) VALUES ( 'nymfalc2', 'r3824842', 8, '2015-06-17', 'Vandaag overuren gedraaid', null, null);
INSERT INTO groep_64.registreerder_taakprestaties( taak_id, personeelsnummer, aantal_uren, datum, "opmerking-uren", beschrijving_kosten, kosten ) VALUES ( 'nymfalc2', 'r3824842', 7, '2015-06-18', null, null, null);
INSERT INTO groep_64.registreerder_taakprestaties( taak_id, personeelsnummer, aantal_uren, datum, "opmerking-uren", beschrijving_kosten, kosten ) VALUES ( 'nymfalc2', 'r3824842', 6, '2015-06-22', null, 'Deze aankoop was noodzakelijk voor het uitvoeren van de taak', 20.15);
INSERT INTO groep_64.registreerder_taakprestaties( taak_id, personeelsnummer, aantal_uren, datum, "opmerking-uren", beschrijving_kosten, kosten ) VALUES ( 'nymfalc2', 'r3824842', 7, '2015-06-23', null, null, null);
INSERT INTO groep_64.registreerder_taakprestaties( taak_id, personeelsnummer, aantal_uren, datum, "opmerking-uren", beschrijving_kosten, kosten ) VALUES ( 'nymfalc2', 'r3824842', 7, '2015-06-24', null, null, null);
INSERT INTO groep_64.registreerder_taakprestaties( taak_id, personeelsnummer, aantal_uren, datum, "opmerking-uren", beschrijving_kosten, kosten ) VALUES ( 'nymfalc2', 'r3824842', 7, '2015-06-25', 'Vandaag meer gewerkt dan verwacht', 'Deze aankoop was noodzakelijk voor het uitvoeren van de taak', 18.50);
INSERT INTO groep_64.registreerder_taakprestaties( taak_id, personeelsnummer, aantal_uren, datum, "opmerking-uren", beschrijving_kosten, kosten ) VALUES ( 'nymfalc2', 'r3824842', 7, '2015-06-29', null, null, null);
INSERT INTO groep_64.registreerder_taakprestaties( taak_id, personeelsnummer, aantal_uren, datum, "opmerking-uren", beschrijving_kosten, kosten ) VALUES ( 'nymfalc2', 'r3824842', 7, '2015-06-30', null, 'Deze aankoop was noodzakelijk voor het uitvoeren van de taak', 41.65);
INSERT INTO groep_64.registreerder_taakprestaties( taak_id, personeelsnummer, aantal_uren, datum, "opmerking-uren", beschrijving_kosten, kosten ) VALUES ( 'nymfalc2', 'r3824842', 7, '2015-07-01', null, null, null);
INSERT INTO groep_64.registreerder_taakprestaties( taak_id, personeelsnummer, aantal_uren, datum, "opmerking-uren", beschrijving_kosten, kosten ) VALUES ( 'nymfalc2', 'r3824842', 7, '2015-07-02', 'Vandaag meer gewerkt dan verwacht', 'Deze aankoop was noodzakelijk voor het uitvoeren van de taak', 5.10);
INSERT INTO groep_64.registreerder_taakprestaties( taak_id, personeelsnummer, aantal_uren, datum, "opmerking-uren", beschrijving_kosten, kosten ) VALUES ( '4lk4ydo4', 'r8472481', 6, '2015-06-15', 'Vandaag minder gewerkt dan verwacht', null, null);
INSERT INTO groep_64.registreerder_taakprestaties( taak_id, personeelsnummer, aantal_uren, datum, "opmerking-uren", beschrijving_kosten, kosten ) VALUES ( '4lk4ydo4', 'r8472481', 7, '2015-06-16', null, 'Deze aankoop was noodzakelijk voor het uitvoeren van de taak', 48.10);
INSERT INTO groep_64.registreerder_taakprestaties( taak_id, personeelsnummer, aantal_uren, datum, "opmerking-uren", beschrijving_kosten, kosten ) VALUES ( '4lk4ydo4', 'r8472481', 7, '2015-06-17', 'Vandaag meer gewerkt dan verwacht', 'Deze aankoop was noodzakelijk voor het uitvoeren van de taak', 23.85);
INSERT INTO groep_64.registreerder_taakprestaties( taak_id, personeelsnummer, aantal_uren, datum, "opmerking-uren", beschrijving_kosten, kosten ) VALUES ( '4lk4ydo4', 'r8472481', 6, '2015-06-18', null, null, null);
INSERT INTO groep_64.registreerder_taakprestaties( taak_id, personeelsnummer, aantal_uren, datum, "opmerking-uren", beschrijving_kosten, kosten ) VALUES ( '4lk4ydo4', 'r8472481', 6, '2015-06-22', null, 'Deze aankoop was noodzakelijk voor het uitvoeren van de taak', 10.50);
INSERT INTO groep_64.registreerder_taakprestaties( taak_id, personeelsnummer, aantal_uren, datum, "opmerking-uren", beschrijving_kosten, kosten ) VALUES ( '4lk4ydo4', 'r8472481', 8, '2015-06-23', null, 'Deze aankoop was noodzakelijk voor het uitvoeren van de taak', 9.55);
INSERT INTO groep_64.registreerder_taakprestaties( taak_id, personeelsnummer, aantal_uren, datum, "opmerking-uren", beschrijving_kosten, kosten ) VALUES ( '4lk4ydo4', 'r8472481', 7, '2015-06-24', null, null, null);
INSERT INTO groep_64.registreerder_taakprestaties( taak_id, personeelsnummer, aantal_uren, datum, "opmerking-uren", beschrijving_kosten, kosten ) VALUES ( '4lk4ydo4', 'r8472481', 7, '2015-06-25', null, null, null);
INSERT INTO groep_64.registreerder_taakprestaties( taak_id, personeelsnummer, aantal_uren, datum, "opmerking-uren", beschrijving_kosten, kosten ) VALUES ( 'a5bjrnv8', 'r2424000', 8, '2015-06-15', 'Vandaag overuren gedraaid', 'Deze aankoop was noodzakelijk voor het uitvoeren van de taak', 30.70);
INSERT INTO groep_64.registreerder_taakprestaties( taak_id, personeelsnummer, aantal_uren, datum, "opmerking-uren", beschrijving_kosten, kosten ) VALUES ( 'a5bjrnv8', 'r2424000', 8, '2015-06-16', null, null, null);
INSERT INTO groep_64.registreerder_taakprestaties( taak_id, personeelsnummer, aantal_uren, datum, "opmerking-uren", beschrijving_kosten, kosten ) VALUES ( 'a5bjrnv8', 'r2424000', 8, '2015-06-17', null, null, null);
INSERT INTO groep_64.registreerder_taakprestaties( taak_id, personeelsnummer, aantal_uren, datum, "opmerking-uren", beschrijving_kosten, kosten ) VALUES ( 'a5bjrnv8', 'r2424000', 8, '2015-06-18', 'Vandaag overuren gedraaid', 'Deze aankoop was noodzakelijk voor het uitvoeren van de taak', 25.80);
INSERT INTO groep_64.registreerder_taakprestaties( taak_id, personeelsnummer, aantal_uren, datum, "opmerking-uren", beschrijving_kosten, kosten ) VALUES ( 'a5bjrnv8', 'r2424000', 7, '2015-06-22', 'Vandaag meer gewerkt dan verwacht', null, null);
INSERT INTO groep_64.registreerder_taakprestaties( taak_id, personeelsnummer, aantal_uren, datum, "opmerking-uren", beschrijving_kosten, kosten ) VALUES ( 'a5bjrnv8', 'r2424000', 8, '2015-06-23', null, 'Deze aankoop was noodzakelijk voor het uitvoeren van de taak', 36.70);
INSERT INTO groep_64.registreerder_taakprestaties( taak_id, personeelsnummer, aantal_uren, datum, "opmerking-uren", beschrijving_kosten, kosten ) VALUES ( 'a5bjrnv8', 'r2424000', 6, '2015-06-24', 'Vandaag minder gewerkt dan verwacht', null, null);
INSERT INTO groep_64.registreerder_taakprestaties( taak_id, personeelsnummer, aantal_uren, datum, "opmerking-uren", beschrijving_kosten, kosten ) VALUES ( 'a5bjrnv8', 'r2424000', 6, '2015-06-25', null, null, null);
INSERT INTO groep_64.registreerder_taakprestaties( taak_id, personeelsnummer, aantal_uren, datum, "opmerking-uren", beschrijving_kosten, kosten ) VALUES ( 'a5bjrnv8', 'r2424000', 8, '2015-06-26', 'Vandaag overuren gedraaid', 'Deze aankoop was noodzakelijk voor het uitvoeren van de taak', 27.85);