r9473847;Jos;Mollenmol;r9473847@ucll.be;0242858402;37
r7492058;Rita;Roodjas;r7492058@ucll.be;0927577009;29
r7390462;Dirk;Derksens;r7390462@ucll.be;0013735187;33
r5739321;Kristof;Zuiger;r5739321@ucll.be;0593571100;32
r9403076;Jolien;Jolig;r9403076@ucll.be;0847409350;36
r2730240;Ramsey;Gordols;r2730240@ucll.be;0259001156;40
r2488494;Piet;Appartementenvacht;r2488494@ucll.be;0567015875;30
r4292900;Rafael;Naald;r4292900@ucll.be;0148730893;41
r7949411;Els;Berkels;r7949411@ucll.be;0680499910;36
r6842901;Jeanine;Goossens;r6842901@ucll.be;0407846791;35
r7480472;Carry;Rolschaats;r7480472@ucll.be;0382427597;32
r2840932;Gonda;Sjmoep;r2840932@ucll.be;0200139269;33
r4829493;Gerard;Geens;r4829493@ucll.be;0694407396;40
r0483942;Barry;Bakvis;r0483942@ucll.be;0094349963;42
r1949503;Gwen;Doene;r1949503@ucll.be;0207539908;28
r3824842;Niels;Nolhelm;r3824842@ucll.be;0508535917;34
r0038998;Catherine;Geweil;r0038998@ucll.be;0645522412;38
r8472481;Sjonnie;Bertels;r8472481@ucll.be;0253871744;37
r6839555;Oscar;Crucke;r6839555@ucll.be;0345722405;34
r2424000;Balthazar;Melchiorus;r2424000@ucll.be;0203265843;40