45bhth7d;r9473847;2015/11/02;30
45bhth7d;r9473847;2015/11/09;30
0ykktad6;r7492058;2017/09/18;27
0ykktad6;r7492058;2017/09/25;27
0ykktad6;r7492058;2017/10/02;28
w2djrglf;r7390462;2022/11/14;10
w2djrglf;r7390462;2022/11/21;11
w2djrglf;r7390462;2022/12/12;5
w2djrglf;r7390462;2022/12/19;6
w2djrglf;r7390462;2022/12/26;5
w2djrglf;r7390462;2023/01/02;5
w2djrglf;r7390462;2023/01/09;11
w2djrglf;r7390462;2023/01/16;11
nshlbaje;r5739321;2015/12/21;27
nshlbaje;r5739321;2015/12/28;27
nshlbaje;r5739321;2016/01/04;28
lqze8czd;r9403076;2015/12/21;24
lqze8czd;r2730240;2015/12/28;24
jmb4pur6;r2488494;2015/12/21;19
jmb4pur6;r4292900;2015/12/28;20
jmb4pur6;r7949411;2016/01/04;18
auin5jw7;r6842901;2016/06/06;31
auin5jw7;r6842901;2016/06/13;30
auin5jw7;r6842901;2016/06/20;31
eiv5iit3;r7480472;2014/11/10;39
eiv5iit3;r7480472;2014/11/17;37
oc3jrkr8;r2840932;2020/07/06;37
oc3jrkr8;r2840932;2020/07/13;35
szi1x4a7;r4829493;2020/11/16;30
szi1x4a7;r4829493;2020/11/23;26
1dd1ht2w;r0483942;2020/11/16;24
1dd1ht2w;r1949503;2020/11/23;25
zf0qe6xj;r3824842;2021/09/06;28
zf0qe6xj;r0038998;2021/09/13;29
zf0qe6xj;r8472481;2021/09/20;28
q53zjp3a;r6839555;2021/09/06;26
q53zjp3a;r6839555;2021/09/13;28
51xthytv;r2424000;2021/09/06;23
51xthytv;r2424000;2021/09/13;25
ljybifkn;r7492058;2021/12/13;31
ljybifkn;r7492058;2021/12/20;36
ueuhdsdd;r9473847;2020/06/01;34
ueuhdsdd;r9473847;2020/06/08;28
z1f1t9oq;r7390462;2022/11/14;8
z1f1t9oq;r7390462;2022/11/21;8
z1f1t9oq;r7390462;2022/12/12;4
z1f1t9oq;r7390462;2022/12/19;4
z1f1t9oq;r7390462;2022/12/26;9
z1f1t9oq;r7390462;2023/01/02;4
z1f1t9oq;r7390462;2023/01/09;4
z1f1t9oq;r7390462;2023/01/16;9
njip0rto;r2730240;2017/03/20;28
njip0rto;r4292900;2017/03/27;35
njip0rto;r2730240;2017/04/03;22
njip0rto;r4292900;2017/04/10;20
p4ioz8x0;r6842901;2017/03/20;31
p4ioz8x0;r0483942;2017/03/27;40
nymfalc2;r3824842;2015/06/15;28
nymfalc2;r3824842;2015/06/22;27
nymfalc2;r3824842;2015/06/29;28
4lk4ydo4;r8472481;2015/06/15;26
4lk4ydo4;r8472481;2015/06/22;28
a5bjrnv8;r2424000;2015/06/15;32
a5bjrnv8;r2424000;2015/06/22;35